ID,TITLE_AUTHOR_DATE_COMBINED_NORMALIZED,TITLE,TITLE_REMAINDER,AUTHOR,AUTHOR_QUALIFIER,AUTHOR_DATE,EDITION,BEGIN_PUBLICATION_DATE,PUBDATE_260,PUBDATE_264,PUBPLACE_260,PUBPLACE_264,PUBLISHER_260,PUBLISHER_264,EXTENT,ASSOCIATED_ISBNS,ASSOCIATED_OCLC_NUMBERS,LCCN,ATHABASCA,BROCK,CALGARY,CONCORDIA,LAC,LAVAL,MANITOBA,MCGILL,MEMORIAL,MONTREAL,OTTAWA,QUEENS,REGINA,TORONTO,UALBERTA,UBC,WILFRID_LAURIER,ALL_SCHOOLS,TITLE_MATCH_COUNT,ATHABASCA_RETENTION,BROCK_RETENTION,MEMORIAL_RETENTION,TORONTO_RETENTION,LAC_RETENTION,UBC_RETENTION,CALGARY_RETENTION,UALBERTA_RETENTION,CONCORDIA_RETENTION,LAVAL_RETENTION,MANITOBA_RETENTION,MCGILL_RETENTION,MONTREAL_RETENTION,QUEENS_RETENTION,REGINA_RETENTION,WILFRID_LAURIER_RETENTION,OTTAWA_RETENTION,RETENTIONS_APPLIED
31,brunobobakselectedworks19431980brunobobakoeuvreschoisies19431980--1983,Bruno Bobak :,"selected works, 1943-1980 = Bruno Bobak, oeuvres choisies, 1943-1980.",,,,,1983,1983?],,"[Montréal, Qué. :",,"Concordia University,",,157 p. :,,65697806,,,,,,,,,,,,,,,YES,YES,,,TORONTO-37 UALBERTA-15,1,0,0,0,1,0,0,0,1,0,0,0,0,0,0,0,0,0,2
211,tesljobguideahandbookforcanadiansseekingemploymentinthefieldofteachingengli--1990,A T.E.S.L. job guide :,a handbook for Canadians seeking employment in the field of teaching English as a second or foreign language at home or abroad /,,,,Rev. 3rd ed.,1990,1990.,,"Montréal, Québec :",,"Distributed by the TESL Centre, Concordia University,",,"x, 100, [16] p.",,221521705,,,,,,,,,,,,,,,YES,YES,,,UALBERTA-50 TORONTO-7,1,0,0,0,1,0,0,0,1,0,0,0,0,0,0,0,0,0,2
1,19391945hauntedbyimagesdrawingsandcommentaryoftheholocaust-kuja-2004,1939-1945 :,haunted by images : drawings and commentary of the Holocaust /,"Kujawski, Benjamin.",,,,2004,c2004.,,Montreal :,,"Concordia University Chair in Canadian Jewish Studies :;Montreal Institute for Genocide and Human Rights Studies,",,"71 p., [71] p. of plates :","08894742730, 0889474463",57299026,,,,,,,YES,,,,,,,YES,YES,YES,,,UALBERTA-76 UALBERTA-64 LAVAL-1 UALBERTA-48 LAVAL-10 UALBERTA-58 UALBERTA-57 UALBERTA-44 LAVAL-18 LAVAL-19 UALBERTA-36 UALBERTA-59 UALBERTA-41 LAVAL-20 UALBERTA-70 UALBERTA-53 UALBERTA-40 LAVAL-24 UALBERTA-52 UALBERTA-75 UALBERTA-37 TORONTO-10 UALBERTA-63 LAVAL-34 UALBERTA-39 UALBERTA-54 LAVAL-35 UALBERTA-49 UALBERTA-45 LAVAL-43 UALBERTA-38 LAVAL-44 UALBERTA-42 LAVAL-4 UALBERTA-78 UALBERTA-46 LAVAL-50 UALBERTA-47 LAVAL-51 REGINA-11 UALBERTA-43 LAVAL-53 UALBERTA-77 UALBERTA-55,1,0,0,0,1,0,0,0,1,0,1,0,0,0,0,0,0,0,3
2,19401990cinquanteansdedroitdevotedesfemmesauquebecpointsdevuedefemmesdequel--1993,"1940-1990, cinquante ans de droit de vote des femmes au Québec :",points de vue de femmes de quelques groupes minoritaires /,,,,,1993,1993.,,[Montréal] :,,"Université Concordia, Bureau du statut des femmes,",,"23 feuillets, [1] feuillet de planches plié :","0889470278, 9780889470279",31782860,,,,,,,,,,,YES,,,,,YES,,,MONTREAL-5 UALBERTA-28,1,0,0,0,0,0,0,0,1,0,0,0,0,1,0,0,0,0,2
3,25artists25yearscelebratingthefacultyoffinearts25artistes25anshommagealafac--2001,"25 artists, 25 years : celebrating the Faculty of Fine Arts =","25 artistes, 25 ans : hommage à la Faculté des beaux-arts.",,,,,2001,2001,,[Montréal] :,,"Leonard & Bina Ellen Art Gallery, Concordia University,",,folder ([8] p.) :,088947379X,936789800,,,,,,,,,,,,,,YES,YES,,,,TORONTO-13 REGINA-12,1,0,0,0,1,0,0,0,0,0,0,0,0,0,0,1,0,0,2
5,accessibilityofhealthandsocialservicesforculturalcommunitiesinthemontrealme-ottm-1986,Accessibility of health and social services for cultural communities in the Montreal metropolitan area /,,"Ottmann-Clish, Liane,",,1937-,,1986,1986.,,Montreal :,,"Concordia University, Department of Political Science, M.A. Program in Public Policy and Administration,",,"vii, 111 feuillets","088947012X, 9780889470125",77443236,,,,,,,YES,,,,,,,,,,,,LAVAL-5,1,0,0,0,0,0,0,0,0,0,1,0,0,0,0,0,0,0,1
10,afterimageevocationsoftheholocaustincontemporarycanadianartsandliterature--2002,Afterimage :,evocations of the Holocaust in contemporary Canadian arts and literature /,,,,,2002,c2002.,,"Montréal, Québec, Canada :",,"Concordia University Institute for Canadian Jewish Studies,",,"xv, 269 p. :",0889473900,51535821,2005362681,,,,,,,,,,,,,YES,YES,YES,,,REGINA-13 UALBERTA-65 TORONTO-11,3,0,0,0,1,0,0,0,1,0,0,0,0,0,0,1,0,0,3
12,andrewdutkewychcascadeseriesseptember15october21982sirgeorgewilliamsartgall-dutk-1982,Andrew Dutkewych :,"cascade series September 15-October 2, 1982, Sir George Williams Art Galleries, Concordia University ; 15 septembre-2 octobre 1982, Galeries d'art Sir George Williams, Université Concordia.","Dutkewych, Andrew,",,1944-,,1982,1982.,,[Montréal] :,,"Sir George Williams Concordia University,",,[12] p. :,2920394029,977603236,,,,,,,,,,,,,,,YES,,,,TORONTO-14,1,0,0,0,1,0,0,0,0,0,0,0,0,0,0,0,0,0,1
13,annekahanedualities-kaha-1999,Anne Kahane :,dualities /,"Kahane, Anne.",,,,1999,[1999],,Montréal :,,"Leonard & Bina Ellen Art Gallery, Concordia University,",,32 p. :,2920394479,44683753,00363923,,,,,,YES,,,,,,,,YES,YES,,,UALBERTA-62 TORONTO-74 LAVAL-7,3,0,0,0,1,0,0,0,1,0,1,0,0,0,0,0,0,0,3
16,annesavageaugust15thseptember21st2002du15aoutau21septembre2002-sava-2002,Anne Savage :,"August 15th-September 21st, 2002 = du 15 août au 21 septembre 2002.","Savage, Anne,",,1896-1971.,,2002,[2002],,Montreal :,,"Leonard & Bina Ellen Art Gallery, Concordia University,",,21 p. :,2920394584,55744471,,,,,,,YES,,,,,,,,YES,YES,,,UALBERTA-73 TORONTO-62 LAVAL-8,3,0,0,0,1,0,0,0,1,0,1,0,0,0,0,0,0,0,3
18,annotatedlistofperiodicalsforcanadianschoollibraries-gall-1994,An annotated list of periodicals for Canadian school libraries /,,"Galler, Anne M.",,,,1994,1994.,,Montréal :,,"[Concordia University, Library Studies],",,1 v. (various foliations),0889472033,977367648,,,,,,,,,,,,,,,YES,,,,TORONTO-44,1,0,0,0,1,0,0,0,0,0,0,0,0,0,0,0,0,0,1
20,arthurericksononlearningsystems-eric-2022,Arthur Erickson on learning systems /,,"Erickson, Arthur,",,"1924-2009,",First English edition,2022,,2022.,,"Montreal, Quebec :",,"Concordia University Press :;Canadian Centre for Architecture,",88 pages :,"1988111315, 9781988111315","1344286311, 1255189039",,,,,,YES,,,YES,,YES,,,,,,,,MONTREAL-25 LAC-24 MCGILL-1,3,0,0,0,0,1,0,0,0,0,0,0,1,1,0,0,0,0,3
21,artistsofthecanadianpacificrailroad18811900-prin-1983,"Artists of the Canadian Pacific Railroad, 1881-1900 /",,"Pringle, Donald Allan,",,1953-,,1983,,[1983],,"Montreal, Quebec :",,"Concordia University,",223 leaves :,"0315139110, 9780315139114",862116470,,,,,,,,,,,,,,,,YES,,,UALBERTA-94,1,0,0,0,0,0,0,0,1,0,0,0,0,0,0,0,0,0,1
23,auktion392reclaimingthegaleriesterndusseldorf-mack-2006,Auktion 392 :,"reclaiming the Galerie Stern, Düsseldorf /","MacKenzie, Catherine.",,,,2006,2006.,,Montréal (Québec) :,,"FOFA Gallery, Concordia University,",,58 p. :,"0978169409, 9780978169404","84695387, 517492252",,,,,,,YES,,,,,,,YES,YES,YES,,,REGINA-18 TORONTO-25 TORONTO-86 UALBERTA-85 LAVAL-9,5,0,0,0,1,0,0,0,1,0,1,0,0,0,0,0,0,0,3
24,betweenbodyandsoul--1998,Between body and soul /,,,,,,1998,[1998?].,,Montréal :,,"Leonard & Bina Ellen Art Gallery, Concordia University,",,68 p. :,"2920394460, 9782920394469",43280506,,,,,,,,,,,,,,YES,YES,YES,,,TORONTO-81 UALBERTA-91 REGINA-10,3,0,0,0,1,0,0,0,1,0,0,0,0,0,0,1,0,0,3
26,bibliographiesurladministrationpubliquequebecoisequebecpublicadministration-caba-1985,Bibliographie sur l'administration publique québécoise =,Quebec public administration bibliographie /,"Cabatoff, Kenneth.",,,,1985,[1985?],,Montréal :,,"Programme de maîtrise en politiques et en administration publiques, Université Concordia = M.A. Program in Public Policy and Admiistration, Concordia University,",,146 pages,"0889470103, 9780889470101",16718907,,,,,,,,,,,YES,,,,,,,,MONTREAL-2,1,0,0,0,0,0,0,0,0,0,0,0,0,1,0,0,0,0,1
30,bluesklairvincentmeessen--2021,"Blues Klair, Vincent Meessen /",,,,,,2021,,[2021],,Montréal :;Toronto :,,"Galerie Leonard & Bina Ellen, Université Concordia, Montréal ;;The Power Plant Contemporary Art Gallery,","281 pages, 31 unnumbered pages :","2924316197, 9782924316191",1257257052,,,,,,,,,,,,,,,YES,YES,,,TORONTO-3 UALBERTA-98,2,0,0,0,1,0,0,0,1,0,0,0,0,0,0,0,0,0,2
34,byzantiumtheguardianofhellenism-litt-2004,Byzantium :,the guardian of Hellenism /,"Littlewood, Antony Robert.",,,,2004,c2004.,,Montreal :,,"3Dmt Research and information Centre of Concordia University,",,151 p. :,1895130158,54691762,,,,,,,,,,,,,,,YES,YES,,,TORONTO-84 UALBERTA-79 TORONTO-72,2,0,0,0,1,0,0,0,1,0,0,0,0,0,0,0,0,0,2
38,canadasplacenamesandhowtochangethem-beck-2022,Canada's place names and how to change them /,,"Beck, Lauren,",,,,2022,,2022.,,"Montreal, Quebec :",,"Concordia University Press,",1 volume,"1988111390, 9781988111391",1350643605,,,,,,YES,,,YES,,YES,,,,,,,,MONTREAL-26 LAC-28 MCGILL-2,3,0,0,0,0,1,0,0,0,0,0,0,1,1,0,0,0,0,3
41,cartessurtableiiiepreuvesderendementdemisessionetdefinsession-savo-1984,Cartes sur table I[-II] :,épreuves de rendement de mi-session et de fin-session /,"Savoie, Louise,",,1944-,,1984,1984.,,[Montréal] :,,"Université Concordia,",,2 t. en 3 volumes :,"0889470065, 9780889470064",16058593,,,,,,YES,,,,,,,,,,,,,LAC-1,1,0,0,0,0,1,0,0,0,0,0,0,0,0,0,0,0,0,1
44,chinadamemoirsofthegangofseven--1982,Chinada :,memoirs of the Gang of Seven /,,,,,1982,1982.,,"Dunvegan, Ont. :;Montreal, Que. :",,"Quadrant Editions ;;Distribution, c/o English Dept., Concordia University,",,163 p. :,0864950195,10403369,83150068,,,,,,,,,,,,,,YES,,,,TORONTO-76,1,0,0,0,1,0,0,0,0,0,0,0,0,0,0,0,0,0,1
50,concordiacollectsselectedartacquisitions19742000--2000,Concordia collects :,"selected art acquisitions, 1974-2000 /",,,,,2000,,[2000],,[Montréal] :,,"Leonard & Bina Ellen Art Gallery, Concordia University = Galerie d'art Leonard & Bina Ellen, Université Concordia,",72 pages :,"2920394525, 9782920394520","704518857, 317283363",,,,,,,,,,,YES,,,YES,,YES,,,MONTREAL-12 REGINA-14 UALBERTA-67,3,0,0,0,0,0,0,0,1,0,0,0,0,1,0,1,0,0,3
51,concordiauniversityartindextonineteenthcenturycanadianperiodicals--1981,The Concordia University art index to nineteenth century Canadian periodicals /,,,,,,1981,1981.,,[Montréal :,,"Concordia University],",,"[1], xiii, 304 p.","0969095600, 9780969095606","9153663, 300387734",,,,,,,YES,,,,,,,,YES,YES,,,TORONTO-41 UALBERTA-13 LAVAL-46,3,0,0,0,1,0,0,0,1,0,1,0,0,0,0,0,0,0,3
55,corridartrevisited--2001,Corridart revisited /,,,,,,2001,[2001],,Montreal :,,"Leonard & Bina Ellen Art Gallery, Concordia University,",,46 p. :,"292039455X, 9782920394551",50250806,,,,,,,,,,,,,,YES,YES,YES,,,REGINA-16 TORONTO-58 UALBERTA-60,3,0,0,0,1,0,0,0,1,0,0,0,0,0,0,1,0,0,3
57,criticalpathsacollectionofessaysandartworksfromthefacultystaffandstudentsof--1988,Critical paths :,"a collection of essays and artworks from the faculty, staff and students of the Faculty of Fine Arts, Concordia University /",,,,,1988,1988.,,[Montréal] :,,"Concordia University,",,59 p. :,0889470197,61619539,,,,,,,,,,,,,,,YES,,,,TORONTO-26,1,0,0,0,1,0,0,0,0,0,0,0,0,0,0,0,0,0,1
59,defenseofutilitarianism-shen-2004,A defense of utilitarianism /,,"Sheng, C. L.",,,,2004,2004.,,,,"3Dmt Research and Information Center of Concordia University,;University Press of America,",,"xi, 236 p.",0761827315,,,,,,,,,,,,,,,,YES,,,,TORONTO-77,1,0,0,0,1,0,0,0,0,0,0,0,0,0,0,0,0,0,1
61,democratiesenvironnementetdroitsdelhommedanslespaysenvoiededeveloppementlen--1995,"Démocraties, environnement, et droits de l'homme dans les pays en voie de développement :",le nouvel internationalisme /,,,,[2e éd.].,1995,c1995.,,Montréal :,,"Centre de coopération universitaire internationale, Université Concordia :;Guérin universitaire,",,"xiv, 227 p. :",2760139247,977164426,,,,,,,,,,,,,,,,YES,,,UALBERTA-30,1,0,0,0,0,0,0,0,1,0,0,0,0,0,0,0,0,0,1
64,diniacopouloscollectioninquebecgreekandromanantiquities--2004,The Diniacopoulos Collection in Québec :,Greek and Roman antiquities /,,,,,2004,[2004],,"[Montréal, Québec] :",,"Concordia University :;Musée des Beaux Arts de Montréal,",,142 p. :,"0889474184, 2891922689",57422471,2004445995,,,,,,,,,,,,,,YES,,,,TORONTO-9,1,0,0,0,1,0,0,0,0,0,0,0,0,0,0,0,0,0,1
65,documentaryprotocolsprotocolesdocumentaires19671975--2010,Documentary protocols =,Protocoles documentaires (1967-1975) /,,,,,2010,2010.,,"Montréal, Québec :",,"Galerie Leonard & Bina Ellen Art Gallery, Université Concordia,",,407 p. :,"2920394819, 9782920394810","756896403, 502037349",,,,,,,,,,,YES,,,,YES,,,,MONTREAL-13 TORONTO-18,2,0,0,0,1,0,0,0,0,0,0,0,0,1,0,0,0,0,2
66,drbethuneschildrenanovel-xuey-2017,Dr. Bethune's children :,a novel /,"Xue, Yiwei,",,1964-,,2017,,[2017],,Montreal :,,"Linda Leith Publishing,","xi, 288 pages","1988130514, 9781988130514",1015800471,,,,,,,,,,,YES,,,,,,,,MONTREAL-19,1,0,0,0,0,0,0,0,0,0,0,0,0,1,0,0,0,0,1
67,dresslamodedanstoussesetatsthedressshowbarryacebarbarahuntanarewakowiczliss-beav-2003,Dress :,"la mode dans tous ses états = The dress show : Barry Ace, Barbara Hunt, Ana Rewakowicz, Lissa Robinson, Catherine Sylvain, Laura Vickerson, Kevin Whitfield /","Beavis, Lynn.",,,,2003,[2003],,Montreal :,,"Leonard & Bina Ellen Art Gallery, Concordia University,",,24 p. :,"2020394606, 2920394606",55215666,,,,,,,,,,,,,,,,YES,,,UALBERTA-72,1,0,0,0,0,0,0,0,1,0,0,0,0,0,0,0,0,0,1
69,engageinpublicscholarshipaguidebookonfeministandaccessiblecommunication-ketc-2022,Engage in public scholarship! :,a guidebook on feminist and accessible communication /,"Ketchum, Alex D.,",,,First English edition.,2022,,2022.;©2022,,"Montreal, Quebec :",,"Concordia University Press,",357 pages,"1988111358, 9781988111353",1273675114,,,,,,YES,,,YES,,,,,,,,,,LAC-26 MCGILL-3,2,0,0,0,0,1,0,0,0,0,0,0,1,0,0,0,0,0,2
71,essaysinthesocialscientificstudyofjudaismandjewishsociety--1990,Essays in the social scientific study of Judaism and Jewish society /,,,,,,1990,c1990.,,"Montréal, Québec, Canada :",,"Dept. of Religion, Concordia University,",,"xiii, 333 p.",0889470200,22765459,90216730,,,,,,,,,,,,,,YES,YES,,,TORONTO-82 UALBERTA-25,2,0,0,0,1,0,0,0,1,0,0,0,0,0,0,0,0,0,2
72,everythingisrelevantwritingsonartandlife19912018-lumk-2020,Everything is relevant :,"writings on art and life, 1991-2018 /","Lum, Ken,",,1956-,First English edition.,2020,,2020.,,Montreal :,,"Concordia University Press,","xlvi, 290 pages :","1988111005, 9781988111001, 9781988111025",1105311388,,,,YES,YES,YES,,,YES,YES,,,,,YES,YES,,,MEMORIAL-1 TORONTO-28 LAC-20 CALGARY-1 UALBERTA-1 CONCORDIA-1 MCGILL-4,7,0,0,0,1,1,0,0,0,1,0,0,0,0,0,0,0,0,3
73,femmesetloisirunnouvelenjeusocial-gagn-1996,Femmes et loisir :,un nouvel enjeu social /,"Gagnon, Nathaly.",,,,1996,1996-,,[Montréal] :,,"Université Concordia,",,volumes,"2894176791, 9782894176795",36993766,,,,,,YES,,,,,,,,,,,,,LAC-4,1,0,0,0,0,1,0,0,0,0,0,0,0,0,0,0,0,0,1
75,findinghomethediniacopoulosfamilyandcollection-blum-2017,Finding Home :,the Diniacopoulos family and collection /,"Blumer, Nadine.",,,,2017,,[2017].,,"[Montréal, Québec] :",,"Université Concordia,",143 pages :,"1525103237, 9781525103230","1031172536, 1009151225",,,,,,,,,,,YES,,,YES,YES,YES,,,MONTREAL-21 REGINA-23 TORONTO-54 UALBERTA-97,4,0,0,0,1,0,0,0,1,0,0,0,0,1,0,0,0,0,3
79,fouraspectsofhellenismlanguagepoliticssocietyandarts--2003,Four aspects of Hellenism :,"language, politics, society, and arts /",,,,,2003,2003.,,Montreal :,,"3Dmt Research and Information Center of Concordia University,",,"135, [14] p. :",1895130131,52327858,,,,,,,,,,,,,,,YES,,,,TORONTO-91 TORONTO-85,1,0,0,0,1,0,0,0,0,0,0,0,0,0,0,0,0,0,1
83,frontiersinhandwritingrecognition--1990,Frontiers in handwriting recognition /,,,,,,1990,c1990.,,Montreal :,,"Centre for Pattern Recognition & Machine Intelligence, Concordia University,",,211 p. :,1895193001,22386722,,,,,,,,,,,,,,,YES,,,,TORONTO-30,1,0,0,0,1,0,0,0,0,0,0,0,0,0,0,0,0,0,1
84,futureofthepastthejewishpubliclibraryofmontreal19142014--2015,The future of the past :,"the Jewish Public Library of Montreal, 1914-2014 /",,,,,2015,[2015],,[Montreal] :,,"Concordia University Institute for Canadian Jewish Studies,",,97 pages,"1771855452, 9781771855457",1036205899,,,,,,,,,,,,,,,YES,,,,TORONTO-1,1,0,0,0,1,0,0,0,0,0,0,0,0,0,0,0,0,0,1
87,guerreenafghanistanlimpactdesmanuvresdepalais-keay-2012,Guerre en Afghanistan :,l'impact des man�uvres de palais /,"Keays, Jason.",,,,2012,2012.,,Montre?al :,,"Centre d'e?tudes des plitiques e?trange?res et de se?curite?, Universite? du Que?bec a? Montre?al / Concordia University,",,"ix, 130 pages","2922014479, 9782922014471",1131521665,,,,,,,YES,,,,,,,,,,,,LAVAL-22,1,0,0,0,0,0,0,0,0,0,1,0,0,0,0,0,0,0,1
98,haroldklunderpaintingstableaux--1985,Harold Klunder :,paintings = tableaux.,,,,,1985,1985.,,[Montreal] :,,"Concordia University,",,36 p. :,2920394118,17231781,,,,,,,,,,,,,,,YES,,,,TORONTO-56,1,0,0,0,1,0,0,0,0,0,0,0,0,0,0,0,0,0,1
99,headlightanthology--1998,Headlight anthology.,,,,,,1998,1998-,,Montreal :,,"Concordia University,",,v.,"0968326404, 0968326412, 0968326420, 0968326439, 0968326471",48803032,,,,,,,,,,,,,,,,YES,,,UALBERTA-80,1,0,0,0,0,0,0,0,1,0,0,0,0,0,0,0,0,0,1
101,hindudiasporaglobalperspectives--1999,Hindu diaspora :,global perspectives /,,,,,1999,1999.,,Montréal :,,"Chair in Hindu Studies, Dept. of Religion, Concordia University,",,"xii, 473 p.",0889473382,43076589,,,,,,,,,,,,,,,YES,,,,TORONTO-42,1,0,0,0,1,0,0,0,0,0,0,0,0,0,0,0,0,0,1
102,historyfrombelowstudiesinpopularprotestandpopularideologyinhonourofgeorgeru--1985,History from below :,studies in popular protest and popular ideology in honour of George Rudé /,,,,,1985,1985.,,Montréal :,,"Concordia University,",,"xvi, 408 p.","088947009X, 9780889470095","13860085, 423278017",,,,,,,YES,,,,,,,YES,YES,,,,REGINA-4 TORONTO-68 LAVAL-23,3,0,0,0,1,0,0,0,0,0,1,0,0,0,0,1,0,0,3
109,inequityintheclassroomamanualforprofessorsandadulteducators--1992,Inequity in the classroom :,a manual for professors and adult educators /,,,,,1992,[1992?],,[Montréal] :,,"Office on the Status of Women, Concordia University,",,"vii, 131 p.",0889470421,855459794,,,,,,,,,,,,,,,YES,,,,TORONTO-53,1,0,0,0,1,0,0,0,0,0,0,0,0,0,0,0,0,0,1
110,ingredientsforrevolutionahistoryofamericanfeministrestaurantscafesandcoffee-ketc-2022,Ingredients for revolution :,"a history of American feminist restaurants, cafes, and coffeehouses /","Ketchum, Alex D.,",,,First English edition.,2022,,2022.;©2022,,Montreal :,,"Concordia University Press,","viii, 432 pages :","1988111412, 9781988111414, 9781988111421",1309962555,,,,,,YES,,,,,,,,,,,,,LAC-27,1,0,0,0,0,1,0,0,0,0,0,0,0,0,0,0,0,0,1
112,interpellationsthreeessaysonkentmonkman--2012,Interpellations :,three essays on Kent Monkman /,,,,,2012,2012.,,[Montréal] :,,"Galerie Leonard & Bina Ellen Art Gallery :;Université Concordia,",,119 p. :,"2920394908, 9782920394902",796918960,2012518888,,,,,,,,,,,,,,,,YES,,UBC-5,1,0,0,0,0,0,1,0,0,0,0,0,0,0,0,0,0,0,1
114,irvinglaytonabibliography19351977-benn-1979,Irving Layton :,"a bibliography, 1935-1977 /","Bennett, Joy,",,1946-,,1979,1979.,,Montreal :,,"Concordia University Libraries,",,"iv, 200 p.","0969010109, 9780969010104","6942075, 869252903",80504284,,,,,,YES,,,,,,,YES,YES,YES,,,REGINA-5 TORONTO-59 TORONTO-75 UALBERTA-12 LAVAL-26,5,0,0,0,1,0,0,0,1,0,1,0,0,0,0,0,0,0,3
116,jackbederlumieresdelavillecitylights-bede-2004,Jack Beder :,lumières de la ville = city lights /,"Beder, Jack,",,1910-,,2004,2004.,,Montréal :,,"Galerie Leonard & Bina Ellen Art Gallery, Concordia University,",,86 p. :,2920394622,55488600,,,,,,,,,,,,,,YES,YES,YES,,,REGINA-17 TORONTO-35 UALBERTA-81,3,0,0,0,1,0,0,0,1,0,0,0,0,0,0,1,0,0,3
117,jorismithacelebrationjorismithunecelebration-smit-1997,Jori Smith :,a celebration = Jori Smith : une célébration.,"Smith, Jori,",,1907-,,1997,c1997.,,Montréal :,,"Leonard & Bina Ellen Art Gallery, Concordia University = Galerie d'art Leonard & Bina Ellen, Université Concordia,",,72 p. :,"2920394436, 9782920394438",37492817,,,,,,,,,,,,,,YES,YES,YES,YES,,UALBERTA-90 REGINA-9 TORONTO-63 UBC-3,4,0,0,0,1,0,1,0,1,0,0,0,0,0,0,0,0,0,3
119,joycewielandadecadeofpaintingdixansdepeinture-paik-1985,Joyce Wieland :,a decade of painting = dix ans de peinture.,"Paikowsky, Sandra,",,,,1985,1985.,,[Montreal] :,,"Concordia University,",,46 pages :,2920394088,15770644,,,,,,,,,,,,,,,YES,,,,TORONTO-40,1,0,0,0,1,0,0,0,0,0,0,0,0,0,0,0,0,0,1
120,labienaimeedekandaharroman-miha-2016,La bien-aimée de Kandahar :,roman /,"Mihali, Felicia,",,1967-,,2016,,[2016];©2016,,Westmount (Québec) :,,"Linda Leith Éditions Inc.,",168 pages,"1988130190, 9781988130194",953332668,,,,,,,,,,,YES,,,,,,,,MONTREAL-16,1,0,0,0,0,0,0,0,0,0,0,0,0,1,0,0,0,0,1
121,lagressiviteetlisolementsocialinfantilesjointsauxfacteurspsychosociauxactue-schw-1997,L'agressivité et l'isolement social infantiles joints aux facteurspsychosociaux actuels comme prédicteurs du stree mesuré par le taux de cortisol.,,"Schwartzman, Alex E.,",,1928-,,1997,1997.,,"Montréal, Québec :",,"Université Concordia,",,,"0889473315, 9780889473317",1036024250,,,,,,YES,,,,,,,,,,,,,LAC-13,1,0,0,0,0,1,0,0,0,0,0,0,0,0,0,0,0,0,1
125,lauravickersontrace-vick-2001,Laura Vickerson : trace /,,"Vickerson, Laura.",,,,2001,2001.,,[Montréal] :,,"Leonard & Bina Ellen Art Gallery, Concordia University,",,folder ([8] p.) :,2920394533,978053803,,,,,,,,,,,,,,,YES,,,,TORONTO-66,1,0,0,0,1,0,0,0,0,0,0,0,0,0,0,0,0,0,1
126,ldorvadorfromgenerationtogenerationatreasuryofmytales-lemc-2017,"L'dor va-dor, from generation to generation :",a treasury of my tales /,"Lemco, Frank,",,1925-,,2017,,2017.,,"Montreal, P.Q., Canada :",,"Concordia University Press,","ii, 204 pages :","0991806824, 9780991806829",1047731141,,,,,,YES,,,,,,,,,,,,,LAC-18,1,0,0,0,0,1,0,0,0,0,0,0,0,0,0,0,0,0,1
127,lejournaldetiennemercierilesdelareinecharlotte1853-bouc-2018,Le journal d'Étienne Mercier :,"Iles de la Reine-Charlotte, 1853 /","Bouchard, David,",,1952-,,2018,,[2018].,,"Winnipeg, Manitoba :",,"Vidacom,",38 pages :,"1988182654, 9781988182650",1135166958,,,,,,,,,,,YES,,,,,,,,MONTREAL-23,1,0,0,0,0,0,0,0,0,0,0,0,0,1,0,0,0,0,1
128,lenfantetlestressfamilial--1988,L'enfant et le stress familial /,,,,,,1988,1988.,,Montréal :,,"Presses de l'Université de Montréal :;Université Concordia,",,150 p. :,"2760608131, 9782760608139",18637117,,,,,,YES,,,,,YES,,,,,,,,MONTREAL-4 LAC-2,2,0,0,0,0,1,0,0,0,0,0,0,0,1,0,0,0,0,2
129,leopoldplotekcinqanneesdepeinturesleopoldplotekfiveyearsofpainting-plot-1990,Leopold Plotek :,cinq années de peintures =;Leopold Plotek : five years of painting.,"Plotek, Leopold.",,,,1990,1990.,,Montreal :,,"Concordia Art Gallery, Concordia University,",,40 p. :,2920394258,70310582,,,,,,,,,,,,,,,,YES,,,UALBERTA-21,1,0,0,0,0,0,0,0,1,0,0,0,0,0,0,0,0,0,1
131,lescomportementsagressifsetrenfermesdelenfancecommefacteursderisquelesseque-schw-1991,Les Comportements agressifs et renferme?s de l'enfance comme facteurs de risque :,les se?quelles psychosociales a? l'a?ge adulte : rapport final /,"Schwartzman, Alex E.",,,,1991,1991.,,[Montre?al] :,,"[Concordia University],",,44 feuillets,"0889470308, 9780889470309",49171603,,,,,,,YES,,,,,,,,,,,,LAVAL-28,1,0,0,0,0,0,0,0,0,0,1,0,0,0,0,0,0,0,1
132,lesprecieusesunphenomenefeministealeredelouisxiv-corm-1988,Les Précieuses :,un phénomène féministe à l'ère de Louis XIV /,"Cormier, Linda",,,,1988,1988.,,[Montréal] :,,"Institut Simone de Beauvoir, Université Concordia,",,30 p. :,2920915037,977614050,,,,,,,,,,,,,,,YES,,,,TORONTO-73,1,0,0,0,1,0,0,0,0,0,0,0,0,0,0,0,0,0,1
133,lesreligionsdelaroutedelasoielescheminsdunemondialisationpremoderne-folt-2020,Les religions de la Route de la soie :,les chemins d'une mondialisation prémoderne /,"Foltz, Richard,",,1961-,,2020,,[2020],,Montréal :,,"Les Presses de l'Université Concordia,","xx, 256 pages :","1988111013, 9781988111018","1121596964, 1200837450",,,,,YES,YES,,,,,,,,,,,,,LAC-21 CONCORDIA-2,2,0,0,0,0,1,0,0,0,1,0,0,0,0,0,0,0,0,2
134,levoileislamiquevolet1et2--2001,Le voile islamique :,volet 1 et 2.,,,,,2001,,2001.,,Montréal :,,"Chaire Concordia-UQAM en études ethniques Université du Québec à Montréal,",43 pages :,"2922361160, 9782922361162",1027052933,,,,,,,,,,,YES,,,,,,,,MONTREAL-20,1,0,0,0,0,0,0,0,0,0,0,0,0,1,0,0,0,0,1
136,lexpressionmaitrescheznousnexistepasaufemininpleurepasgermaineetlanuitfemme-vert-1988,"""L'Expression """"Maîtres chez nous"""" n'existe pas au féminin :""",Pleure pas Germaine et La nuit ; Femmes et patrie dans l'oeuvre de Laure Conan /,"Verthuy, Maïr,",,1931-,,1988,1988,,[Montréal] :,,"Institut Simone de Beauvoir, Université Concordia,",,26 f.,2920915002,978071170,,,,,,,,,,,,,,,,YES,,,UALBERTA-33,1,0,0,0,0,0,0,0,1,0,0,0,0,0,0,0,0,0,1
137,lifeanddeathinancientegyptthediniacopouloscollection--2011,Life and death in ancient Egypt :,the Diniacopoulos Collection /,,,,,2011,[2011?],,Montréal :,,"Université Concordia = Concordia University,",,141 pages :,"088947494X, 9780889474949","700677973, 700677971",,,,,,,YES,,,,YES,,,YES,YES,YES,YES,,MONTREAL-11 REGINA-22 TORONTO-32 UBC-4 UALBERTA-89 LAVAL-29,6,0,0,0,1,0,1,0,1,0,0,0,0,0,0,0,0,0,3
140,manueldelapprocheactionnelle-hunt-2019,Manuel de l'approche actionnelle /,,"Hunter, Danielle,",,,,2019,,[2019],,[Ottawa] :,,"CASLT, Canadian Association of Second Language Teachers = ACPLS, Association canadienne des professeurs de langues secondes,",109 pages :,"1988198135, 9781988198132",1285428022,,,,,,,,,,,YES,,,,,,,,MONTREAL-24,1,0,0,0,0,0,0,0,0,0,0,0,0,1,0,0,0,0,1
142,martinbecktheparticularwayinwhichathingexists--2013,Martin Beck--the particular way in which a thing exists /,,,,,,2013,,[2013],,Montréal :,,"Galerie Leonard & Bina Ellen, Concordia University = Leonard & Bina Ellen Art gallery, Concordia University,",201 pages :,"2920394932, 9782920394933",856726308,,,,,,,YES,,,,,,,,,YES,,,UALBERTA-95 LAVAL-30,2,0,0,0,0,0,0,0,1,0,1,0,0,0,0,0,0,0,2
145,memoriesandtestimoniesmemoiresettemoignages--2002,Memories and testimonies =,mémoires et témoignages /,,,,,2002,[2002],,"Montréal, Québec :",,"Leonard & Bina Ellen Art Gallery, Concordia University,",,96 p. :,"2920394576, 9782920394575","50924889, 1131568458",,,,,,,YES,,,,,,,YES,YES,YES,,,REGINA-15 UALBERTA-71 LAVAL-31 TORONTO-65,4,0,0,0,1,0,0,0,1,0,1,0,0,0,0,0,0,0,3
147,memoriesofthemain-lemc-2014,"""Memories of """"The Main"""" /""",,"Lemco, Frank.",,,,2014,2014.,,Montreal :,,"Concordia University Press,",,120 pages :,"0991806816, 9780991806812",1036092452,,,,,,YES,,,,,,,,,,,,,LAC-14,1,0,0,0,0,1,0,0,0,0,0,0,0,0,0,0,0,0,1
148,michaeljolliffethirteenpaintingstreizetableaux--1984,Michael Jolliffe :,thirteen paintings = treize tableaux.,,,,,1984,1984.,,[Montreal] :,,"Concordia University,",,30 p. :,2920394053,12217653,,,,,,,,,,,,,,,YES,,,,TORONTO-83,1,0,0,0,1,0,0,0,0,0,0,0,0,0,0,0,0,0,1
149,mobilizingthewilltointerveneleadershiptopreventmassatrocities--2009,Mobilizing the will to intervene :,leadership to prevent mass atrocities /,,,,,2009,c2010.,,Montréal :,,"Published for the Montreal Institute for Genocide and Human Rights Studies at Concordia University by McGill-Queen's University Press,",,"xxii, 191 p.",9780773538047,630475236,,,,,,,YES,YES,,,,,,YES,YES,YES,YES,,TORONTO-16 REGINA-21 TORONTO-79 UBC-1 UALBERTA-87 LAVAL-32 MANITOBA-1,7,0,0,0,1,0,1,0,1,0,0,0,0,0,0,0,0,0,3
152,moralobligationanddutyandinterestessaysandlectures-pric-1968,Moral obligation,and Duty and Interest : essays and lectures /,"Prichard, Harold Arthur,",,(1871-1947),,1968,©1968.,,London ;;Oxford ;;New York :,,"Oxford University Press,",,1 v. (238 p.),198811519,962749712,,,,,,,,,,,YES,,,,,,,,MONTREAL-17,1,0,0,0,0,0,0,0,0,0,0,0,0,1,0,0,0,0,1
153,morevoiceovercolincampbellwritings-camp-2021,More voice-over :,Colin Campbell writings /,"Campbell, Colin,",,1942-2001,,2021,,2021.,,Montreal :,,"Concordia University Press,","lvi, 344 pages :","1988111269, 9781988111261","1224262142, 17365038",,,,YES,YES,YES,,,YES,YES,,,,YES,YES,YES,,,REGINA-24 MEMORIAL-2 TORONTO-2 LAC-22 CALGARY-2 UALBERTA-2 CONCORDIA-3 MCGILL-5,8,0,0,0,1,1,0,0,0,1,0,0,0,0,0,0,0,0,3
154,murraymacdonaldrhollandmurrayrecentwork--1985,"Murray MacDonald, R. Holland Murray :",recent work.,,,,,1985,1985.,,[Montreal] :,,"Concordia University,",,[12] p. :,2920394096,808610215,,,,,,,,,,,,,,,YES,,,,TORONTO-39,1,0,0,0,1,0,0,0,0,0,0,0,0,0,0,0,0,0,1
160,oldmediaandthemedievalconceptmediaecologiesbeforeearlymodernity--2021,Old media and the medieval concept :,media ecologies before early modernity /,,,,,2021,,2021.,,Montreal :,,"Concordia University Press,","xiv, 250 pages","1988111285, 9781988111285",1232472694,,,,,YES,YES,,,YES,,,,,,YES,,,,TORONTO-4 LAC-23 CONCORDIA-4 MCGILL-6,4,0,0,0,1,1,0,0,0,1,0,0,0,0,0,0,0,0,3
161,onfamilylifeeducationforfamilylifeeducatorsatraininghandbook-gros-1985,On family life education :,for family life educators : a training handbook /,"Gross, Pauline.",,,"2nd ed., rev. --",1985,c1985.,,Montreal :,,"Centre for Human Relations and Community Studies, Concordia University,",,"ix, 106 p.",0889470073,16039360,,,,,,,,,,,,,,,YES,YES,,,TORONTO-89 UALBERTA-19,2,0,0,0,1,0,0,0,1,0,0,0,0,0,0,0,0,0,2
162,ordinarymagicaspectsofritualincontemporaryartlamagieordinaireaspectsduritue--1995,Ordinary magic :,aspects of ritual in contemporary art = La magie ordinaire : aspects du rituel en art contemporain.,,,,,1995,c1995.,,[Montréal :,,"Concordia University, Leonard & Bina Ellen Art Gallery],",,24 p. :,292039438X,35673742,,,,,,,,,,,,,,YES,YES,YES,,,REGINA-7 TORONTO-20 UALBERTA-51,3,0,0,0,1,0,0,0,1,0,0,0,0,0,0,1,0,0,3
166,pathwaysofgraceandknowledgethechristianpresenceinacademiaananthologyofessay--1996,Pathways of grace and knowledge :,the Christian presence in academia : an anthology of essays in celebration of the seventy-fifth anniversary of Concordia University College of Alberta /,,,,,1996,1996.,,Edmonton :,,"Concordia University College of Alberta,",,"xvii, 195 p.",0968150802,36041993,,,,,,,,,,,,,,,YES,,,,TORONTO-15,1,0,0,0,1,0,0,0,0,0,0,0,0,0,0,0,0,0,1
168,petrinerevolutioninrussianculture-crac-2004,The Petrine revolution in Russian culture /,,"Cracraft, James.",,,,2004,2004.,,"Cambridge, MA :",,"3Dmt Research and Information Center of Concordia University,",,"xii, 560 p.",0674013166,,,,,,,,,,,,,,,,YES,,,,TORONTO-31,1,0,0,0,1,0,0,0,0,0,0,0,0,0,0,0,0,0,1
173,preludealetudedelacivilisationfrancaisedelaprotohistoirealarenaissance-petc-1994,Prélude à l'étude de la civilisation française :,de la Protohistoire à la Renaissance /,"Petcoff, Christine,",,1953-,,1994,©1994.,,[Montréal] :,,"Université Concordia,",,192 pages :,"0889471991, 9780889471993",31657676,,,,,,YES,,,,,,,,,,,,,LAC-3,1,0,0,0,0,1,0,0,0,0,0,0,0,0,0,0,0,0,1
174,preoccupationsphotographicexplorationsofthegreynunsmotherhousepreoccupation-lang-2009,Preoccupations :,photographic explorations of the Grey Nuns Mother House = Préoccupations : explorations photographiques de la maison mère des Soeurs Grises /,"Langford, Martha,",,,,2009,,[2009],,"Montréal, Québec :",,"FOFA Gallery, Concordia University,",48 pages :,"0978169476, 9780978169473",,,,,,,,,,,,,,,,YES,,,,TORONTO-12,1,0,0,0,1,0,0,0,0,0,0,0,0,0,0,0,0,0,1
176,proceedingsofthethirdinternationalconferenceforlogoandmathematicseducation1--1987,Proceedings of the Third International Conference for Logo and Mathematics Education :,"14-18 July, 1987 /",,,,,1987,[1987].,,[Montréal] :,,"Dept. of Mathematics, Concordia University,",,"iv, 267 p. :",298011040X,28025366,,,,,,,,,,,,,,,,YES,,,UALBERTA-26,1,0,0,0,0,0,0,0,1,0,0,0,0,0,0,0,0,0,1
177,prospectivestudyofpsychosocialpredictorsofreproductiveoutcomeinyoungerandol-daco-1995,A prospective study of psychosocial predictors of reproductive outcome in younger and older pregnant women /,,"Da Costa, D.",,,,1995,1995.,,Montre?al :,,"Concordia University, Department of psychology, Sexuality and reproductive health lab,",,"iv, 106 feuillets :","0889472238, 9780889472235",77243788,,,,,,,YES,,,,,,,,,,,,LAVAL-2,1,0,0,0,0,0,0,0,0,0,1,0,0,0,0,0,0,0,1
178,psychologicalevaluationofinfertilecouplesparticipatingingiftgameteintrafall-take-1992,"Psychological evaluation of infertile couples participating in GIFT (Gamete Intrafallopian Transfer), AI (Artificial Insemination) and ovulation induction :",final report /,"Takefman, Janet.",,,,1992,1992.,,Montre?al :,,"Concordia University,",,"iv, 229 pages :","0969602804, 9780969602804",300637604,,,,,,,YES,,,,,,,,,,,,LAVAL-38,1,0,0,0,0,0,0,0,0,0,1,0,0,0,0,0,0,0,1
180,psychosocialfactorsinalcoholconsumptionofolderwomenimplicationsforautonomou-arbu-1992,Psychosocial factors in alcohol consumption of older women :,implications for autonomous functioning /,"Arbuckle, Tannis Y.",,,,1992,1992.,,Montre?al :,,"Concordia University,",,"vii, 85 feuillets","0889471851, 9780889471856",299440367,,,,,,,YES,,,,,,,,,,,,LAVAL-39,1,0,0,0,0,0,0,0,0,0,1,0,0,0,0,0,0,0,1
181,publicpolicyandpublicadministrationacollectionofessays--1994,Public policy and public administration :,a collection of essays /,,,,,1994,1994.,,Montreal :,,"Concordia University, Dept. of Political Science,",,"iv, 159 p.","0889472084, 9780889472082","77245173, 1131547997",,,,,,,YES,,,,,,,,YES,,,,TORONTO-67 LAVAL-40,2,0,0,0,1,0,0,0,0,0,1,0,0,0,0,0,0,0,2
182,publicpolicyandpublicopinionabibliography-lach-1994,Public policy and public opinion :,a bibliography /,"Lachapelle, Guy,",,1955-,,1994,1994.,,Montréal :,,"Concordia University,",,327 p.,"0889472076, 9780889472075","35871773, 1131179791",,,,,,,YES,,,,,,,,YES,,,,TORONTO-61 LAVAL-41,2,0,0,0,1,0,0,0,0,0,1,0,0,0,0,0,0,0,2
183,qresonance--1988,Q résonance /,,,,,,1988,1988.,,"Montreal, P.Q. :",,"Concordia University, Department of Music,",,194 p. :,0889470162,327151721,,,,,,,,,,,,,,YES,,YES,,,REGINA-6 UALBERTA-18,2,0,0,0,0,0,0,0,1,0,0,0,0,0,0,1,0,0,2
184,qresonanceaddendumconcordiaelectroacousticcomposersgrouptapecollectionmagne--1989,Q/Résonance addendum :,Concordia Electroacoustic Composers' Group tape collection = Magnétothèque du Groupe électroacoustique de Concordia /,,,,,1989,c1989.,,"Montréal, Québec :",,"Le Groupe, Dép. de musique, Université Concordia,",,"xi, 66 p.",0889470189,21446957,90143908 /MN,,,,,,,,,,,,,,YES,,,,TORONTO-70,1,0,0,0,1,0,0,0,0,0,0,0,0,0,0,0,0,0,1
185,raginglikeafireacelebrationofirvinglayton--1993,Raging like a fire :,a celebration of Irving Layton /,,,,,1993,1993.,,Montréal :,,"Published in collaboration with Concordia University [by] Véhicule Press,",,,"1550650408, 1550650424",29391023,,,,,,,,,,,,,,,YES,,,,TORONTO-55,1,0,0,0,1,0,0,0,0,0,0,0,0,0,0,0,0,0,1
187,raymondeapriltoutembrasser-apri-2001,Raymonde April :,tout embrasser /,"April, Raymonde,",,1953-,,2001,2001?,,Montréal :,,"Galerie d'art Leonard et Bina Ellen, Université Concordia,",,1 feuille pliée (36 pages) :,"2920394568, 9782920394568",1130912841,,,,,,,,,,,YES,,,,,,,,MONTREAL-22,1,0,0,0,0,0,0,0,0,0,0,0,0,1,0,0,0,0,1
189,redefiningthestilllifeselectionsfromthepermanentcollectionlanaturemortenouv--1999,Redefining the still life :,selections from the permanent collection = La nature morte : nouveau regard : œuvres tirées de la collection permanente.,,,,,1999,[1999],,Montreal :,,"Leonard & Bina Ellen Art Gallery, Concordia University,",,1 folded sheet ([8] pages) :,"2920394509, 9782920394506",50250805,,,,,,,,,,,,,,,YES,YES,,,TORONTO-78 UALBERTA-61,2,0,0,0,1,0,0,0,1,0,0,0,0,0,0,0,0,0,2
194,robertayrethecriticandthecollectionlecritiquefacealacollection--1992,Robert Ayre :,the critic and the collection = le critique face à la collection /,,,,,1992,1992.,,"Montréal, Québec :",,"Concordia Art Gallery, Concordia University,",,59 p. :,2920394274,30672110,92214507,,,,,,,,,,,,,,,YES,,,UALBERTA-56,1,0,0,0,0,0,0,0,1,0,0,0,0,0,0,0,0,0,1
196,russiansinalaska17321867-blac-2004,"Russians in Alaska, 1732-1867 /",,"Black, Lydia.",,,,2004,2004.,,"Fairbanks, AK :",,"3Dmt Research and Information Center of Concordia University,",,"xiii, 328 p. :",1889963054,,,,,,,,,,,,,,,,YES,,,,TORONTO-43,1,0,0,0,1,0,0,0,0,0,0,0,0,0,0,0,0,0,1
197,saddevice-bors-1981,A sad device /,,"Borson, Roo,",,1952-,,1981,c1981.,,"Dunvegan, Ont. :;Montreal, Quebec :",,"Quadrant Editions ;;English Dept., Concordia University [distributor],",,63 p.,086495011X,,82170142,,,,,,,,,,,,,YES,,,,,REGINA-3,1,0,0,0,0,0,0,0,0,0,0,0,0,0,0,1,0,0,1
198,secretthebestkeptsecretinmontreallesecretlemieuxgardeamontreal--2002,Secret :,the best kept secret in Montreal = le secret le mieux garde? a? Montre?al /,,,,,2002,2002?,,Montre?al :,,"Leonard & Bina Ellen Art Gallery, Concordia University,",,36 p. :,"2920394592, 9782920394599",757565035,,,,,,,YES,,,,,,,,,YES,,,LAVAL-45 UALBERTA-74,1,0,0,0,0,0,0,0,1,0,1,0,0,0,0,0,0,0,2
201,selectedstudiesonnikoskazantzakis--2005,Selected studies on Nikos Kazantzakis /,,,,,,2005,c2005.,,Montreal :,,"3Dmt Research and Information Center, Concordia University,",,204 p. in various pagings :,1895130174,,,,,,,,,,,,,,,,YES,,,,TORONTO-50,1,0,0,0,1,0,0,0,0,0,0,0,0,0,0,0,0,0,1
205,subjecttochangewritingsandinterviews-mago-2022,Subject to change :,writings and interviews /,"Magor, Liz,",,1948-,,2022,,2022.,,Montreal :,,"Concordia University Press,",pages,"1988111331, 9781988111339",1354624502,,,,,,YES,,,,,YES,,,,,,,,MONTREAL-27 LAC-25,2,0,0,0,0,1,0,0,0,0,0,0,0,1,0,0,0,0,2
206,suckingstones-smit-1982,Sucking-stones /,,"Smith, John,",,1927-,,1982,c1982.,,"Dunvegan, Ont. :;Montreal, Quebec :",,"Quadrant Editions ;;Distribution c/o English Dept., Concordia University,",,61 p.,0864950152,9969445,82241647,,,,,,,,,,,,,,YES,,,,TORONTO-45,1,0,0,0,1,0,0,0,0,0,0,0,0,0,0,0,0,0,1
207,summaryoftheinterdisciplinaryworkshopwomenanddevelopmentalternativeapproach--1988,Summary of the Interdisciplinary Workshop Women and Development : Alternative Approaches /,,,,,,1988,[1988],,Montréal :,,"Institut Simone de Beauvoir, Université Concordia,",,22 f.,292015363,976668227,,,,,,,,,,,,,,,YES,,,,TORONTO-46,1,0,0,0,1,0,0,0,0,0,0,0,0,0,0,0,0,0,1
209,tenemosquehablartenemosquehacerescritosdemujereslatinoamericanasdelsigloxix--2011,"Tenemos que hablar, tenemos que hacer :",escritos de mujeres latinoamericanas del siglo XIX : estudios y textos /,,,,,2011,2011.,,"El Vedado, La Habana, Cuba :;Montreal :",,"Fondo Editorial Casa de las Américas ;;Concordia University,",,412 p.,"9592603189, 9789592603189",872572448,,,,,,,,,,,,,,,YES,,,,TORONTO-22,1,0,0,0,1,0,0,0,0,0,0,0,0,0,0,0,0,0,1
213,theoriesdesrelationsinternationalescontestationsetresistances--2007,Théories des relations internationales :,contestations et résistances /,,,,,2007,[2007],,[Montréal] :,,"CEPES :;Athéna éditions :;Université Concordia,",,"xii, 515 pages","2922865533, 9782922865530",181913655,,,,,,,,,,,YES,,,,,,,,MONTREAL-9,1,0,0,0,0,0,0,0,0,0,0,0,0,1,0,0,0,0,1
217,timclarkreadingthelimitsworksoeuvres19752003--2008,Tim Clark :,Reading the Limits : works / oeuvres 1975-2003 /,,,,,2008,2008.,,"Montréal, Québec :",,"Galerie Leonard & Bina Ellen Art Gallery, Université Concordia University,",,206 p. :,"2920394789, 9782920394780, 9782920394789","268790353, 756973737",,,,,,,YES,,,,,,,YES,YES,YES,,,REGINA-19 UALBERTA-84 TORONTO-33 LAVAL-52,4,0,0,0,1,0,0,0,1,0,1,0,0,0,0,0,0,0,3
220,traces--2005,Traces /,,,,,,2005,2005],,Montréal :,,"Concordia University [Galerie Leonard & Bina Ellen Art Gallery,",,95 p. :,"2920394711, 9782920394711",68906972,,,,,,,,,,,,,,,YES,,,,TORONTO-57,1,0,0,0,1,0,0,0,0,0,0,0,0,0,0,0,0,0,1
221,tragedyloveandchangeromanpoeticthemesandvariations-mcka-1994,"Tragedy, love and change :",Roman poetic themes and variations /,"McKay, Alexander G.,",,1924-2007.,,1994,1994.,,Montreal :,,"Classics Dept., Concordia University,",,"xii, 78 p. :","0889472025, 9780889472020",35879444,,,,,,,,,,,,,,,,YES,,,UALBERTA-88,1,0,0,0,0,0,0,0,1,0,0,0,0,0,0,0,0,0,1
222,unpaysoulaterresefragmentecarnetsdejerusalemessai-ring-2017,Un pays où la terre se fragmente :,carnets de Jérusalem : essai /,"Ringuet, Chantal,",,,,2017,,[2017];©2017,,Montréal :,,"Linda Leith Éditions,","ix, 333 pages","1988130441, 9781988130446",968345438,,,,,,,,,,,YES,,,,,,,,MONTREAL-18,1,0,0,0,0,0,0,0,0,0,0,0,0,1,0,0,0,0,1
224,usingcooperativelearning--1993,Using cooperative learning /,,,,,,1993,c1993.,,"Montreal, Québec :",,"Centre for the Study of Classroom Processes, Education Department, Concordia University,",,"xvi, 294 p. :","0697212157, 9780697212153","32233303, 300434263",,,,,,,YES,,,,,,,,YES,,,,TORONTO-49 LAVAL-54,2,0,0,0,1,0,0,0,0,0,1,0,0,0,0,0,0,0,2
225,violin-shti-2002,The violin /,,"Shtibel, Rachel,",,1935-,,2002,2002.,,Montréal :,,"Chair in Canadian Jewish Studies, Concordia University,",,97 p. :,0889472870,57162635,,,,,,,,,,,,,,,,YES,,,UALBERTA-66,1,0,0,0,0,0,0,0,1,0,0,0,0,0,0,0,0,0,1
228,wecanmakerainbutnoonecametoaskdocumentsfromtheatlasgrouparchive-ster-2006,We can make rain but no one came to ask :,documents from the Atlas Group Archive /,"Stern, Max.",,,,2006,2006],,Montréal :,,"Concordia University [Galerie Leonard & Bina Ellen Art Gallery,",,"100 p., [1] p. of plates folded :","2920394681, 9782920394681",68906232,2007386623,,,,,,,,,,,,,,,YES,,,UALBERTA-83,1,0,0,0,0,0,0,0,1,0,0,0,0,0,0,0,0,0,1
230,winteringoverstories-byrn-1980,Wintering over :,stories /,"Byrnes, Terence.",,,,1980,©1980.,,"Dunvegan, Ont. :;Montreal :",,"Quadrant Editions ;;Distribution, English Dept. Concordia University,",,120 pages,"0864950012, 9780864950017",7305923,80154648,,,,,,,,,,,,,,YES,,,,TORONTO-92,1,0,0,0,1,0,0,0,0,0,0,0,0,0,0,0,0,0,1
233,yehoudachakibringsthefourseasonstoconcordiauniversity--2010,Yehouda Chaki brings the four seasons to Concordia University /,,,,,,2010,c2010.,,[Montreal] :,,"Concordia University,",,[36] p. :,"088947480X, 9780889474802","646813286, 652526075",,,,,,,YES,,,,,,,YES,YES,YES,,,REGINA-20 TORONTO-36 UALBERTA-86 LAVAL-57,4,0,0,0,1,0,0,0,1,0,1,0,0,0,0,0,0,0,3
235,yoconmivivezatextosdeconquistadorasmonjasbrujaspoetasyotrasmujeresdelacolon--2003,Yo con mi viveza :,"textos de conquistadoras, monjas, brujas, poetas y otras mujeres de la colonia /",,,,,2003,c2003.,,La Habana :;Montreal :,,"Casa de las Américas ;;Concordia University,",,250 p.,9592600856,57044236,,,,,,,,,,,,,,,YES,,,,TORONTO-19,1,0,0,0,1,0,0,0,0,0,0,0,0,0,0,0,0,0,1
6,actes--1985,Actes /,,,,,,1985,1985.,,Montréal :,,"Institut Simone de Beauvoir, Université Concordia,",,244 pages,,53768550,,,,,,,,,,,YES,,,,,,,,MONTREAL-7,1,0,0,0,0,0,0,0,0,0,0,0,0,1,0,0,0,0,1
7,adaptationsocialeemotiveetintellectuelledesenfantsagressifsetrenfermesrappo-schw-1985,"Adaptation sociale, émotive et intellectuelle des enfants agressifs et renfermés :",rapport final /,"Schwartzman, Alex E.,",,1928-,,1985,1985.,,Montréal :,,"Université Concordia, Centre de recherche en développement humain = Concordia University, Centre for Research in Human Development,",,"vii, 206 feuillets :",,16980577,,,,,,,YES,,,,YES,,,,,,,,MONTREAL-3 LAVAL-6,2,0,0,0,0,0,0,0,0,0,1,0,0,1,0,0,0,0,2
8,admission--1998,Admission.,,,,,,1998,[1997-200-?],,[Montréal] :,,"Université Concordia,",,v. :,,1006564966,,,,,,YES,,,,,,,,,,,,,LAC-7,1,0,0,0,0,1,0,0,0,0,0,0,0,0,0,0,0,0,1
9,affectusamantischristumjesum-chas-2003,Affectus amantis Christum Jesum /,,"Chastellain, Pierre,",,1606-1684.,,2003,2003.,,Montréal :,,"Université Concordia,",,1 CD-ROM,,52623841,,,,,,YES,,,,,,,,,,,,,LAC-5,1,0,0,0,0,1,0,0,0,0,0,0,0,0,0,0,0,0,1
15,annesavagearchives18961971--1989,"Anne Savage Archives, 1896-1971.",,,,,,1989,[1989],,[Montreal] :,,"Concordia University,",,92 leaves,,29447069,,,,,,,,,,,,,,,YES,YES,,,TORONTO-64 UALBERTA-22,2,0,0,0,1,0,0,0,1,0,0,0,0,0,0,0,0,0,2
19,architecturerendezvousart--2000,Architecture rendez-vous art.,,,,,,2000,[20--?],,[Montréal] :,,"Concordia University,",,105 p. :,,977995573,,,,,,,,,,,,,,,YES,,,,TORONTO-23,1,0,0,0,1,0,0,0,0,0,0,0,0,0,0,0,0,0,1
22,attitudestowardethicsasurveyofcanadiantopbusinessexecutives-dhaw-1975,Attitudes toward ethics :,a survey of Canadian top business executives /,"Dhawan, K. C.,",,1937-,,1975,1975.,,Montreal :,,"Concordia University (Sir George Williams Campus),",,"iv, 34 p.",,3033086,77360841,,,,,,,,,,,,,,,YES,,,UALBERTA-5 ,1,0,0,0,0,0,0,0,1,0,0,0,0,0,0,0,0,0,1
27,bibliographyofresearchonchildrensacquisitionoffrenchl1andl2-ligh-198u,Bibliography of research on children's acquisition of French L1 and L2 /,,"Lightbown, Patsy.",,,,198u,198-].,,[Montréal :,,"Concordia University,",,"2, 2, 35 leaves",,222432950,,,,,,,,,,,,,,,YES,,,,TORONTO-24,1,0,0,0,1,0,0,0,0,0,0,0,0,0,0,0,0,0,1
28,blueprintforaguidanceinformationcentre-rich-1974,Blueprint for a guidance information centre,,"Richards, Christina D.",,,2d ed.,1974,1974.,,[Montreal],,"Office of Guidance Services, Sir George Williams, Concordia University,",,337 leaves in various pagings.,,464815567,,,,,,,,,,,,,,,,YES,,,UALBERTA-24,1,0,0,0,0,0,0,0,1,0,0,0,0,0,0,0,0,0,1
29,blueprintforaguidanceinformationcentreclassificationsystemclassificationsys-hubb-1982,Blueprint for a guidance information centre :,"classification system, classification system index, subject heading index.","Hubbard, Marlis",,,3rd rev. ed. /,1982,1982.,,Montreal :,,"Concordia University, Concordia Guidance Services, Guidance Information Centre,",,"xxvi, 150 p.",,15968370,,,,,,,,,,,,,,,YES,,,,TORONTO-17,1,0,0,0,1,0,0,0,0,0,0,0,0,0,0,0,0,0,1
36,cahierdugroupederecherchessurlesentreessolennelles--2003,Cahier du Groupe de recherches sur les entrées solennelles /,,,,,,2003,2003.,,[Montréal] :,,"Université Concordia,",,167 pages :,,61219964,,,,,,YES,,,,,,,,,,,,,LAC-6,1,0,0,0,0,1,0,0,0,0,0,0,0,0,0,0,0,0,1
37,cahierdugroupederecherchesurlesentreesroyales16151660--1999,Cahier du Groupe de recherche sur les entrées royales :,1615-1660 /,,,,,1999,1999.,,Montréal :,,"Dép. d'études françaises, Université Concordia,",,199 pages :,,43282713,,,,,,,,,,,YES,,,,,,,,MONTREAL-6,1,0,0,0,0,0,0,0,0,0,0,0,0,1,0,0,0,0,1
39,cansuccessforallsucceedincanada-cham-1999,Can Success for All succeed in Canada? /,,"Chambers, Bette,",,1950-,,1999,1999.,,Montre?al :,,"Concordia University,",,28 feuillets,,1131240093,,,,,,,YES,,,,,,,,,,,,LAVAL-11,1,0,0,0,0,0,0,0,0,0,1,0,0,0,0,0,0,0,1
45,chorusofvoices--1996,A chorus of voices /,,,,,,1996,c1996.,,[Montreal] :,,"Concordia University, Graduate Studies in Religion,",,125 p. :,,708742368,,,,,,,,,,,,,,,YES,,,,TORONTO-52,1,0,0,0,1,0,0,0,0,0,0,0,0,0,0,0,0,0,1
46,communicationandcommunitypatternsofuseoftelecommunicationstransportationand-dick-1978,Communication and community :,"patterns of use of telecommunications, transportation, and education services in a sub-urban community /","Dicks, Dennis.",,,,1978,1978.,,Montre?al :,,"Educational Technology Program, Concordia University,",,65 feuillets :,,1131278802,,,,,,,YES,,,,,,,,,,,,LAVAL-12,1,0,0,0,0,0,0,0,0,0,1,0,0,0,0,0,0,0,1
47,communicationandthecanadiannorth--1983,Communication and the Canadian North .,,,,,,1983,1983.,,Montreal :,,"Concordia University, Department of Communication Studies,",,163 p. :,,"10966162, 1130998443",,,,,,,YES,,,,,,,,,YES,,,UALBERTA-20 LAVAL-13,2,0,0,0,0,0,0,0,1,0,1,0,0,0,0,0,0,0,2
48,communicationpatternslakeharbournorthwestterritories-vala-1975,Communication patterns :,"Lake Harbour, Northwest Territories /","Valaskakis, Gail Guthrie.",,,,1975,1975.,,"Montreal, Quebec :",,"Concordia University, Dept. of Communication Arts,",,65 leaves :,,70486958,,,,,,,,,,,,,,,,YES,,,UALBERTA-35,1,0,0,0,0,0,0,0,1,0,0,0,0,0,0,0,0,0,1
49,communityandthenewsastudyofmontrealsenglishlanguagemediaasubmissiontotheroy--1981,The Community and the news :,a study of Montreal's English-language media : a submission to the Royal Commission on Newspapers /,,,,,1981,[1981?],,[Montréal] :,,"Concordia University,",,108 pages,,8588483,81170938,,,,,,,,,,,,,,,YES,,,UALBERTA-93 ,1,0,0,0,0,0,0,0,1,0,0,0,0,0,0,0,0,0,1
52,contemporaryenglishlanguagepoetryofquebec-orba-1993,Contemporary English-language poetry of Québec /,,"Orbach, Marvin,",,,,1993,,1993.,,"[Montréal, Québec] :",,"Vanier Library, Concordia University,",1 folded sheet (3 unnumbered pages),,945980606,,,,,,,,,,,,,,,,YES,,,UALBERTA-96,1,0,0,0,0,0,0,0,1,0,0,0,0,0,0,0,0,0,1
53,cooperativelearningaguidetoresourcematerialinmontreal--1992,Cooperative learning :,a guide to resource material in Montreal /,,,,,1992,[1992],,Montre?al :,,"Concordia University, Centre for the Study of Classroom Processes,",,18 pages,,1131434596,,,,,,,YES,,,,,,,,,,,,LAVAL-14,1,0,0,0,0,0,0,0,0,0,1,0,0,0,0,0,0,0,1
54,cooperativelearningaguidetoresourcematerialinmontreallapedagogiedelacoopera-wade-1995,Cooperative learning: a guide to resource material in Montre?al =,La pe?dagogie de la coope?ration : guide des ressources documentaires a? Montre?al /,"Wade, Anne,",,1962-,2e e?d.,1995,1995.,,Montre?al :,,"CEAC, Centre for the Study of Classroom Processes, Concordia University,",,36 pages,,1131195643,,,,,,,YES,,,,,,,,,,,,LAVAL-15,1,0,0,0,0,0,0,0,0,0,1,0,0,0,0,0,0,0,1
56,countylevelnetmigrationinatlanticcanada18711921-thor-1986,"County level net migration in Atlantic Canada, 1871-1921 /",,"Thornton, Patricia A.",,,,1986,1986.,,Montreal :,,"Department of Geography, Concordia University,",,122 pages :,,77445054,,,,,,,YES,,,,,,,,,,,,LAVAL-16,1,0,0,0,0,0,0,0,0,0,1,0,0,0,0,0,0,0,1
58,davidmooreoeuvresrecentes198587recentworks198587-moor-1987,David Moore :,"oeuvres récentes 1985-87 = Recent works, 1985-87  /","Moore, David,",,1943-,,1987,1987.,,Montreal :,,"Concordia University Art Gallery,",,1 folded sheet (6 p.),,22703610,ce 90017328,,,,,,,,,,,,,YES,,,,,REGINA-8 ,1,0,0,0,0,0,0,0,0,0,0,0,0,0,0,1,0,0,1
60,democracytheenvironment&humanrightsinthedevelopingworldthenewinternationali--1993,Democracy the environment & human rights in the developing world :,the new internationalism /,,,,,1993,1993.,,Montreal :,,"Concordia University,",,104 p.,,462151681,,,,,,,,,,,,,,,YES,,,,TORONTO-51,1,0,0,0,1,0,0,0,0,0,0,0,0,0,0,0,0,0,1
62,desentreessolennellesauxviesiecleetdesrituelspublicsouprivesauxxesiecle--2007,Des entrées solennelles au XVIe siècle et des rituels publics ou privés au XXe siècle /,,,,,,2007,,2007.,,Montréal :,,"Université Concordia. Dépt. d'Études françaises,",178 pages :,,898230095,,,,,,,,,,,YES,,,,,,,,MONTREAL-15,1,0,0,0,0,0,0,0,0,0,0,0,0,1,0,0,0,0,1
63,developmentaleffectsoftelevisionviasatelliteoncanadianinuitheadsofhousehold-cold-1977,Developmental effects of television via satellite on Canadian Inuit heads of households /,,"Coldevin, Gary O.",,,,1977,1977.,,Montre?al :,,"Graduate Program in Educational Technology, Concordia University,",,"iv, 91 pages",,1131315782,,,,,,,YES,,,,,,,,,,,,LAVAL-17,1,0,0,0,0,0,0,0,0,0,1,0,0,0,0,0,0,0,1
68,educationalexperienceofparttimeuniversitystudents-bhat-1975,Educational experience of part-time university students /,,"Bhatnagar, Joti.",,,,1975,1975.,,Montreal :,,"Concordia University,",,3 v.,,54132069,,,,,,,,,,,,,,,,YES,,,UALBERTA-34,1,0,0,0,0,0,0,0,1,0,0,0,0,0,0,0,0,0,1
70,englishasasecondlanguageincanada-news-1979,English as a second language in Canada /,,"Newsham, G. S.",,,,1979,[between 1979 and 1981].,,Montreal :,,"Concordia University,",,"170, 147 p. :",,25441995,,,,,,,,,,,,,,YES,YES,,,,REGINA-2 TORONTO-88,2,0,0,0,1,0,0,0,0,0,0,0,0,0,0,1,0,0,2
85,ghittacaisermanrotharetrospectiveviewunapercuretrospectif19471980-cais-1981,Ghitta Caiserman-Roth :,"a retrospective view = un aperçu rétrospectif, 1947-1980.","Caiserman-Roth, Ghitta,",,1923-,,1981,1981?],,[Montreal :,,"Sir George Williams Art Galleries of Concordia University,",,"78, [1] p. :",,"9197981, 1131311529",82143054,,,,,,YES,,,,,,,,YES,YES,,,UALBERTA-16 LAVAL-21 TORONTO-34,3,0,0,0,1,0,0,0,1,0,1,0,0,0,0,0,0,0,3
88,guidedadmission--200u,Guide d'admission.,,,,,,200u,[200-?]-2007.,,Montréal :,,"Université Concordia,",,v. :,,1083174314,cn2004300320,,,,,YES,,,,,,,,,,,,,LAC-19 ,1,0,0,0,0,1,0,0,0,0,0,0,0,0,0,0,0,0,1
89,guidedeluniversite&dadmission1981--uuuu,"Guide de l'Université & d'admission, [1981].",,,,,,uuuu,,,Montréal :,,Université Concordia.,,,,1035971115,,,,,,YES,,,,,,,,,,,,,LAC-10,1,0,0,0,0,1,0,0,0,0,0,0,0,0,0,0,0,0,1
90,guidedeluniversite&dadmission1983--uuuu,"Guide de l'Université & d'admission, [1983].",,,,,,uuuu,,,Montréal :,,Université Concordia.,,,,1036135329,,,,,,YES,,,,,,,,,,,,,LAC-16,1,0,0,0,0,1,0,0,0,0,0,0,0,0,0,0,0,0,1
91,guidedeluniversite&dadmission1984pagecouvertureconcordiaetvous--uuuu,"[Guide de l'Université & d'admission, 1984]. [Page couverture: Concordia et vous].",,,,,,uuuu,,,Montréal :,,Université Concordia.,,,,1035983304,,,,,,YES,,,,,,,,,,,,,LAC-11,1,0,0,0,0,1,0,0,0,0,0,0,0,0,0,0,0,0,1
92,guidedeluniversite&dadmission1985--uuuu,"[Guide de l'Université & d'admission, 1985].",,,,,,uuuu,,,Montréal :,,Université Concordia.,,,,1036144630,,,,,,YES,,,,,,,,,,,,,LAC-17,1,0,0,0,0,1,0,0,0,0,0,0,0,0,0,0,0,0,1
93,guidedeluniversite&dadmission1986--uuuu,"[Guide de l'Université & d'admission, 1986].",,,,,,uuuu,,,Montréal :,,Université Concordia.,,,,1035996535,,,,,,YES,,,,,,,,,,,,,LAC-12,1,0,0,0,0,1,0,0,0,0,0,0,0,0,0,0,0,0,1
94,guidedeluniversite1988--uuuu,"Guide de l'université, 1988.",,,,,,uuuu,,,Montréal :,,Université Concordia.,,,,1036127248,,,,,,YES,,,,,,,,,,,,,LAC-15,1,0,0,0,0,1,0,0,0,0,0,0,0,0,0,0,0,0,1
95,guidegrammaticaldufrancaiselementaire-tagg-1980,Guide grammatical du français élémentaire.,,"Taggart, Gilbert C.",,,,1980,1980.,,Montréal :,,"Dept. d'Etudes franĉaises, Universite Concordia,",,"iii, 86 pages.",,,,,,,,,,,,,,,,,,,YES,,UBC-2,1,0,0,0,0,0,1,0,0,0,0,0,0,0,0,0,0,0,1
96,guidetocanadianlawschools-cumm-1977,Guide to Canadian law schools /,,"Cummins, Vivian,",,1944-,2d.ed.,1977,1977.,,"Montreal,",,"Concordia University, Guidance Information Centre,",,[20] leaves,,461599368,,,,,,,,,,,,,,,,YES,,,UALBERTA-8,1,0,0,0,0,0,0,0,1,0,0,0,0,0,0,0,0,0,1
100,henrysandham18421912themr&mrsleojheapsloancollectioncollectionemprunteedeme-sand-1976,"Henry Sandham, 1842-1912 :",[the Mr. & Mrs. Leo J. Heaps loan collection = collection empruntée de M. et Mme Léo J. Heaps].,"Sandham, Henry,",,1842-1910.,,1976,[1976?].,,[Montréal] :,,"Sir George Williams Art Galleries, Concordia University = Galerie d'art Sir George Williams, Université Concordia,",,[8] p. :,,428448189,,,,,,,,,,,,,,,YES,,,,TORONTO-90,1,0,0,0,1,0,0,0,0,0,0,0,0,0,0,0,0,0,1
103,historyofquebecabibliographyofworksinenglish-card-1981,The history of Quebec :,a bibliography of works in English /,"Cardinal, Claudette.",,,,1981,1981.,,Montreal :,,"Centre for the Study of Anglophone Quebec, Concordia University,",,"iii, 202 p.",,"9424886, 798785776",,,,,,,YES,,,,,,,,,YES,,,UALBERTA-14 LAVAL-47,2,0,0,0,0,0,0,0,1,0,1,0,0,0,0,0,0,0,2
105,identificationandpredictionofriskandresiliencyinhighriskpreschoolersaninter-serb-2000,Identification and prediction of risk and resiliency in high-risk preschoolers :,an intergenerational study /,"Serbin, Lisa A.",,,,2000,[2000],,Montreal :,,"Centre for Research in Human Development, Dept. of Psychology, Concordia University,",,"xi, 47 p.",,463865015,,,,,,,,,,,,,,,,YES,,,UALBERTA-68,1,0,0,0,0,0,0,0,1,0,0,0,0,0,0,0,0,0,1
106,illiteracyamongadultimmigrantsincanada-read-1984,Illiteracy among adult immigrants in Canada /,,"Read, Catherine,",,1947-,,1984,1984.,,Montreal :,,"Concordia University,",,"vii, 143 leaves :",,70417826,,,,,,,,,,,,,,,,YES,,,UALBERTA-29,1,0,0,0,0,0,0,0,1,0,0,0,0,0,0,0,0,0,1
107,illustratedcompanionhistoryofsirgeorgewilliamsuniversitycomprehendingexcerp--1977,"The Illustrated companion history of Sir George Williams University,","comprehending excerpts of The Georgian spirit by Henry F. Hall, and Decades of decisions by Douglas Burns Clarke /",,,,,1977,1977.,,Montreal :,,"Concordia University,",,"viii, 185 p., [11] leaves of plates :",,4774877,,,,,,,,,,,,,,,YES,YES,,,TORONTO-69 UALBERTA-9,2,0,0,0,1,0,0,0,1,0,0,0,0,0,0,0,0,0,2
108,impactofselectedgovernmentpoliciesonfertilitytrends-pepa-1986,The impact of selected government policies on fertility trends /,,"Pepall, Lynne.",,,,1986,[1986],,Montreal :,,"Concordia University, Dept. of Economics,",,27 feuillets,,1131552883,,,,,,,YES,,,,,,,,,,,,LAVAL-48,1,0,0,0,0,0,0,0,0,0,1,0,0,0,0,0,0,0,1
111,integrityinscholarshipareporttoconcordiauniversity--1994,Integrity in scholarship :,a report to Concordia University /,,,,,1994,1994.,,"[Montréal, Quebec :",,"Concordia University],",,1 v. (various pagings),,"978178397, 1131161747",,,,,,,YES,,,,,,,,YES,,,,TORONTO-87 LAVAL-25,2,0,0,0,1,0,0,0,0,0,1,0,0,0,0,0,0,0,2
115,isohp74thirdinternationalsymposiumonlowercosthousingproblemstroisiemesympos--1975,"ISOHP-74, Third International Symposium on Lower Cost Housing Problems =","Troisième symposium international sur les problèmes de l'habitation à coût réduit, May 27-31, 1974, Montreal, Canada : comptes rendus = proceedings /",,,,,1975,[1975],,Montreal :,,"Systems Building Centre, Concordia University,",,"xxiv, 1347 pages :",,"2176882, 2177983, 2402338, 25721215",76370127,,,,,,,,,,,,,,YES,YES,,,TORONTO-6 UALBERTA-3 ,2,0,0,0,1,0,0,0,1,0,0,0,0,0,0,0,0,0,2
122,lamaisoncoloniale-lheu-1994,La maison coloniale /,,"L'Heureux, Geneviève.",,,,1994,©1994.,,Montréal :,,"Conseil de l'enveloppe du bâtiment du Québec, Centre des études sur le bâtiment, Université Concordia,",,18 p. :,,869610961,,,,,,,,,,,YES,,,,,,,,MONTREAL-14,1,0,0,0,0,0,0,0,0,0,0,0,0,1,0,0,0,0,1
123,langlaislanguesecondeaucanadaenglishasasecondlanguageincanada-news-1979,L'anglais langue seconde au Canada =,English as a second language in Canada /,"Newsham, G. S.",,,,1979,[1979?],,Montreal :,,"Concordia University,",,"170, 147 p. :",,850973325,,,,,,,YES,,,,,,,,,,,,LAVAL-27,1,0,0,0,0,0,0,0,0,0,1,0,0,0,0,0,0,0,1
130,lescaracteristiquespsychologiquesdespartenairesdesfemmessefaisantavorterouf-push-1979,Les caractéristiques psychologiques des partenaires des femmes se faisant avorter ou faisant usage de contraceptifs /,,"Pushkar, Dolores,",,1939-,,1979,1979.,,Montréal :,,"Dép. de psychologie, Université Concordia,",,50 feuillets,,15900620,,,,,,,,,,,YES,,,,,,,,MONTREAL-1,1,0,0,0,0,0,0,0,0,0,0,0,0,1,0,0,0,0,1
135,lexpositiondeborduasalermitagedu25avrilau2mai1942-lari-1975,L'exposition de Borduas à l'Ermitage du 25 avril au 2 mai 1942 /,,"Larivière-Derome, Céline.",,,,1975,[1975],,[Montréal] :,,"[Université Concordia],",,48 feuillets,,232193393,,,,,,,,,,,YES,,,,,,,,MONTREAL-10,1,0,0,0,0,0,0,0,0,0,0,0,0,1,0,0,0,0,1
138,los--1900,LOS /,,,,,,1900,[19--],,Montreal :,,"English Dept., Concordia University,",,[32] p.,,219361795,,,,,,,,,,,,,,,YES,,,,TORONTO-29,1,0,0,0,1,0,0,0,0,0,0,0,0,0,0,0,0,0,1
139,mansionsofthegoldensquaremileadescriptiveguide--1976,Mansions of the Golden Square Mile :,a descriptive guide /,,,,,1976,1976.,,Montreal :,,"Graduate Program in Canadian Art History, Faculty of Fine Arts, Concordia University,",,29 p. :,,237877191,,,,,,,,,,,,,,,,YES,,,UALBERTA-7,1,0,0,0,0,0,0,0,1,0,0,0,0,0,0,0,0,0,1
151,montrealgeographicalessays--1981,Montréal geographical essays /,,,,,,1981,1981.,,Montreal :,,"Concordia University, Dept. of Geography,",,"vii, 233 p. :",,"10855244, 630053218, 757213324",,,,,,,YES,,,,,,,,YES,YES,,,TORONTO-8 TORONTO-60 UALBERTA-27 LAVAL-33,4,0,0,0,1,0,0,0,1,0,1,0,0,0,0,0,0,0,3
156,newtechnologiesandnativepeopleinnortherncanadaanannotatedbibliographyofcomm-seat-1984,New technologies and native people in northern Canada :,an annotated bibliography of communications projects and research,"Seaton, Elizabeth.",,,,1984,1984.,,Montreal :,,"Concordia University,",,72p.,,61546546,,,,,,,,,,,,,,,,YES,,,UALBERTA-69,1,0,0,0,0,0,0,0,1,0,0,0,0,0,0,0,0,0,1
165,outsetsirgeorgewilliamscreativewritingcollection1974--1974,Outset :,"Sir George Williams creative writing collection, 1974 /",,,,,1974,1974.,,Montreal :,,"[Concordia University],",,"v, 176 p.",,61547489,,,,,,,,,,,,,,,,YES,,,UALBERTA-92,1,0,0,0,0,0,0,0,1,0,0,0,0,0,0,0,0,0,1
167,perceptioncognitionandrepresentationperceptioncognitionetrepresentation--1979,"Perception, cognition and representation.","Perception, cognition et representation",,,,,1979,1979.,,[Montre?al] :,,"Concordia University,",,158 pages :,,1131473481,,,,,,,YES,,,,,,,,,,,,LAVAL-36,1,0,0,0,0,0,0,0,0,0,1,0,0,0,0,0,0,0,1
169,phenomenologicaldescriptionpotentialforresearchinarteducation--1978,Phenomenological description potential for research in art education /,,,,,,1978,1978.,,Montreal :,,"Ph. D. Program in Art Education, Division of Graduate Studies of the Faculty of Fine Arts, Concordia University,",,169 pages,,49144231,,,,,,,YES,,,,,,,,,,,,LAVAL-37,1,0,0,0,0,0,0,0,0,0,1,0,0,0,0,0,0,0,1
170,placeoftheuniversityindanceproceedingsofthe1991conferenceoftheassociationfo--1992,The place of the university in dance :,proceedings of the 1991 conference of the Association for Dance in Universities and Colleges in Canada /,,,,,1992,c1992.,,"Montreal, Quebec :",,"Contemporary Dance Department, Faculty of Fine Arts, Concordia University,",,88 p.,,30658120,,,,,,,,,,,,,,,,YES,,,UALBERTA-82,1,0,0,0,0,0,0,0,1,0,0,0,0,0,0,0,0,0,1
171,poemsformymotherpoems-roge-1975,Poems for my mother :,poems /,"Rogel, Joseph.",,,,1975,1975.,,Montreal :,,"Concordia University, Loyola Campus,",,"[1], 91,  p. :",,2524604,76373665,,,,,,,,,,,,,,YES,YES,,,TORONTO-38 UALBERTA-4 ,2,0,0,0,1,0,0,0,1,0,0,0,0,0,0,0,0,0,2
172,pouruneesthetiqueduplansequencedanslevoyagedescomediensdetheoangelopoulos-cast-2003,Pour une esthétique du plan-séquence dans Le voyage des comédiens de Theo Angelopoulos /,,"Castiel, Élie.",,,,2003,2003.,,Montréal :,,"Université Concordia,",,"vi, 88 pages",,71748959,,,,,,,,,,,YES,,,,,,,,MONTREAL-8,1,0,0,0,0,0,0,0,0,0,0,0,0,1,0,0,0,0,1
175,proceedingsofthefirstcanadianconferenceofcollegeanduniversityombudsmenconco--1980,"Proceedings of the first Canadian Conference of College and University Ombudsmen, [Concordia University, Montreal, Quebec, November 4-6, 1979] /",,,,,,1980,[1980].,,Montreal :,,"Concordia University,",,"iv, 219 p.",,456408399,,,,,,,,,,,,,,,,YES,,,UALBERTA-10,1,0,0,0,0,0,0,0,1,0,0,0,0,0,0,0,0,0,1
179,psychosocialcostsofcaregivingfordementiapatientsalongitudinalfollowup--1989,The Psychosocial costs of caregiving for dementia patients :,a longitudinal follow-up /,,,,,1989,[1989?],,[Montre?al] :,,"Concordia University :;Douglas Hospital,",,"15, [30] feuillets",,1131366510,,,,,,,YES,,,,,,,,,,,,LAVAL-49,1,0,0,0,0,0,0,0,0,0,1,0,0,0,0,0,0,0,1
186,rapportdurecteur--199u,Rapport du recteur.,,,,,,199u,,,,[Montréal] :,,Université Concordia.,,,1007830111,,,,,,YES,,,,,,,,,,,,,LAC-9,1,0,0,0,0,1,0,0,0,0,0,0,0,0,0,0,0,0,1
188,readingearlymusicinoriginalnotationreportofateamresearchprojectatthemusicde-bott-1983,Reading early music in original notation :,"report of a team research project at the Music Department of Concordia University, Montreal, 1981-1983 /","Bottenberg, Wolfgang,",,1930-,,1983,cop. 1983,,Montreal :,,"W. Bottenberg,",,109 p. :,,936588385,,,,,,,YES,,,,,,,,,,,,LAVAL-42,1,0,0,0,0,0,0,0,0,0,1,0,0,0,0,0,0,0,1
190,reflectionsonbeingoutofjointwiththetimesanessayoncanadianeconomicpolicy-brec-1980,"""Reflections on being """"out of joint with the times"""" :""",an essay on Canadian economic policy /,"Brecher, Irving,",,1923-,,1980,1980.,,"Montreal, Quebec :",,"Concordia University, School of Community and Public Affairs,",,"iv, 54 pages",,"1016234867, 26468347, 54128359",,,,,,,,,,,,,,,YES,YES,,,TORONTO-5 UALBERTA-23,2,0,0,0,1,0,0,0,1,0,0,0,0,0,0,0,0,0,2
193,reponseaudocumentdeconsultationdelacommissiondetudesurlesuniversites--1978,Réponse au Document de consultation de la Commission d'étude sur les universités /,,,,,,1978,1978.,,[Montréal] :,,"Université Concordia,",,48 feuillets,,1006927787,,,,,,YES,,,,,,,,,,,,,LAC-8,1,0,0,0,0,1,0,0,0,0,0,0,0,0,0,0,0,0,1
195,ronbennertombenner--1977,"Ron Benner, Tom Benner.",,,,,,1977,1977].,,"[Montreal, Quebec :",,"Sir George William Art Galleries, Concordia University,",,"1 portfolio (1 folded sheet ([10] p.), [2] leaves :",,639923055,,,,,,,,,,,,,,,YES,,,,TORONTO-71,1,0,0,0,1,0,0,0,0,0,0,0,0,0,0,0,0,0,1
200,selectedcatalogueofworkinthepermanentcollectionofthechateauderamezaymontrea--1985,"Selected catalogue of work in the permanent collection of the Chateau de Ramezay, Montreal /",,,,,,1985,1985.,,Montreal :,,"Concordia University, Dept. of History,",,144 p.,,49114664,,,,,,,,,,,,,,YES,YES,,,,REGINA-1 TORONTO-48,2,0,0,0,1,0,0,0,0,0,0,0,0,0,0,1,0,0,2
202,simplifiedguidetoprogramevaluation-dimo-1979,A simplified guide to program evaluation /,,"Dimock, Hedley Gardiner.",,,,1979,c1979.,,Montreal :,,"Centre for Human Relations and Community Studies, Concordia University,",,68 p. :,,"10954769, 299996278",,,,,,,YES,,,,,,,,YES,YES,,,TORONTO-47 UALBERTA-11 LAVAL-3,3,0,0,0,1,0,0,0,1,0,1,0,0,0,0,0,0,0,3
203,socialinterventioninthehelpingprofessions-dimo-1976,Social intervention in the helping professions /,,"Dimock, Hedley G,",(Hedley Gardner),,,1976,1976,,Montreal :,,"Concordia University,",,43 p.,,3802249,,,,,,,,,,,,,,,YES,YES,,,TORONTO-80 UALBERTA-6,2,0,0,0,1,0,0,0,1,0,0,0,0,0,0,0,0,0,2
204,statisticsasalastresortanautobiographicalaccountofresearchwork-raoc-1991,Statistics as a last resort :,an autobiographical account of research work /,"Rao, C. Radhakrishna","(Calyampudi Radhakrishna),",1920-,,1991,[1991].,,Montreal :,,"T.D. Dwivedi, Statistics '91 Canada, Concordia University,",,92 p. :,,70421644,,,,,,,,,,,,,,,,YES,,,UALBERTA-31,1,0,0,0,0,0,0,0,1,0,0,0,0,0,0,0,0,0,1
214,theoriesofsmallgroupdevelopment-kass-1997,Theories of small group development /,,"Kass, Raye.",,,,1997,c1997.,,"Montreal, PQ :",,"Centre for Human Relations and Community Studies, Concordia University,",,"iv, 75 p. :",,223387375,,,,,,,,,,,,,,,YES,,,,TORONTO-21,1,0,0,0,1,0,0,0,0,0,0,0,0,0,0,0,0,0,1
223,usingcooperativelearning--1990,Using cooperative learning /,,,,,,1990,1990.,,"Montreal, Qc :",,"Centre for the Study of Classroom Processes, Education Department, Concordia University,",,"iv, 109 pages",,1131359442,,,,,,,YES,,,,,,,,,,,,LAVAL-55,1,0,0,0,0,0,0,0,0,0,1,0,0,0,0,0,0,0,1
226,wcose76proceedingsiassworldcongressonspaceenclosuresjuly491976wcose76compte--1976,"WCOSE, 76 :","proceedings : IASS World Congress on Space Enclosures, July 4-9, 1976 = WCOSE, 76 : comptes rendus : Congrès mondial de l'IASS sur les enceintes spatiales du 4 juillet 1976 /",,,,,1976,[1976?],,Montreal :,,"Building Research Centre, Concordia University,",,"2 v. (xiv, 1340 p.) :",,"4833794, 1131364113",78322873 //r81,,,,,,YES,,,,,,,,,YES,,,UALBERTA-17 LAVAL-56 ,2,0,0,0,0,0,0,0,1,0,1,0,0,0,0,0,0,0,2
227,weavingthefabricforthefuturereportoftheconcordiacommitteeonthestatusofwomen--1982,Weaving the fabric for the future :,"report of the Concordia Committee on the Status of Women (Rector's Advisory), November 1982.",,,,,1982,1982.,,Montréal :,,"[Concordia University],",,24 p. :,,977591854,,,,,,,,,,,,,,,YES,,,,TORONTO-27,1,0,0,0,1,0,0,0,0,0,0,0,0,0,0,0,0,0,1
232,womansfriendwomansrightsanimalrightsecofeminism--1990,'Woman's friend' :,"woman's rights, animal rights, ecofeminism.",,,,,1990,c1990].,,"Montréal, Québec :",,"[Concordia University Women's Centre,",,[20] p. :,,70476108,,,,,,,,,,,,,,,,YES,,,UALBERTA-32,1,0,0,0,0,0,0,0,1,0,0,0,0,0,0,0,0,0,1
