ID,TITLE,TITLE_NORMALIZED,AUTHOR,EDITION,PUBLICATION_PLACE_AND_PUBLISHER,PUBLICATION_DATE,EXTENT,MATCHED_TITLES,TITLE_AUTHOR_DATE_COMBINED_NORMALIZED,TITLE_REMAINDER,AUTHOR_QUALIFIER,AUTHOR_DATE,BEGIN_PUBLICATION_DATE,PUBDATE_260,PUBDATE_264,PUBPLACE_260,PUBPLACE_264,PUBLISHER_260,PUBLISHER_264,ASSOCIATED_ISBNS,ASSOCIATED_OCLC_NUMBERS,LCCN,ATHABASCA,BROCK,CALGARY,CONCORDIA,LAC,LAVAL,MANITOBA,MCGILL,MEMORIAL,MONTREAL,OTTAWA,QUEENS,REGINA,TORONTO,UALBERTA,UBC,WILFRID_LAURIER,ALL_SCHOOLS,TITLE_MATCH_COUNT,ATHABASCA_RETENTION,BROCK_RETENTION,MEMORIAL_RETENTION,TORONTO_RETENTION,LAC_RETENTION,UBC_RETENTION,CALGARY_RETENTION,UALBERTA_RETENTION,CONCORDIA_RETENTION,LAVAL_RETENTION,MANITOBA_RETENTION,MCGILL_RETENTION,MONTREAL_RETENTION,QUEENS_RETENTION,REGINA_RETENTION,WILFRID_LAURIER_RETENTION,OTTAWA_RETENTION,RETENTIONS_APPLIED
3,Aananiarniq aananiaqatailimaniq /,,,,,,"ii, 352 p., [16] p. of plates :",,aananiarniqaananiaqatailimaniq--2001,,,,2001,c2001.,,"Iqaluit, Nunavut :",,"Silattuqsarvik [Language and Culture Program of Nunavut Arctic College, with the generous support of the Pairijait Tigummivik Elders Society],",,1896204333,49514198,,,,,,YES,,YES,,,,YES,,,YES,YES,,,MANITOBA-17 TORONTO-18 LAC-14 LAC-83 LAC-13 TORONTO-17 LAC-29 UALBERTA-51 OTTAWA-40 LAC-8 UALBERTA-56 LAC-82 LAC-30,3,0,0,0,1,1,0,0,1,0,0,0,0,0,0,0,0,0,3
6,Aksururnaqtut kinguniani :,,,,,,237 p. :,,aksururnaqtutkingunianikatiqsurniqinnarnitarviani--2010,katiqsurniq innarnit Arviani /,,,2010,c2010.,,"Iqaluit, Nunavut :",,"Nunavut Arctic College,",,"1896204724, 9781896204727",753224077,,,,,,YES,,,,,,,,,YES,,,,TORONTO-31 LAC-59,2,0,0,0,1,1,0,0,0,0,0,0,0,0,0,0,0,0,2
7,Annaumanirarniuniraqtavut :,,"Okpik, Abraham,",,,,359 p. :,,annaumanirarniuniraqtavutaivvalahauppikmissaanutunikkaat-okpi-2005,Aivvalaha Uppik missaanut unikkaat /,,1929-1997.,2005,2005.,,Iqaluit :,,"Nunavut Arctic College,",,"1896204759, 9781896204758","71538976, 811614816",,,,,,YES,,YES,,,,YES,,,,YES,,,LAC-38 UALBERTA-44 OTTAWA-46 MANITOBA-28,4,0,0,0,0,1,0,0,1,0,0,0,0,0,0,0,0,1,3
12,Archaeology glossary :,,"Stenton, Douglas Richard,",1997 ed.,,,"v, 91 p.",,archaeologyglossaryenglishinuktitutfrenchglossairedarcheologieanglaisinukti-sten-1997,English/Inuktitut/French = Glossaire d'archeologie : anglais/inuktitut/français /,,1953-,1997,1997.,,"Iqaluit, NT :",,"Nunavut Arctic College, Nunatta Campus,",,"189620418X, 9781896204185",61246235,,,,,,YES,,,,,,YES,,,,YES,,,UALBERTA-5 OTTAWA-30 LAC-45,2,0,0,0,0,1,0,0,1,0,0,0,0,0,0,0,0,1,3
13,Arnait nipingit :,,,2nd ed.,,,219 p. :,,arnaitnipingitinuitwomeninleadershipandgovernance--2010,Inuit women in leadership and governance /,,,2010,c2010.,,Iqaluit :,,"Language and Culture Program of Nunavut Arctic College,",,"1897568088, 9781897568088","1047746188, 978206996",,,,,,,,YES,,YES,YES,YES,,,YES,YES,,,MEMORIAL-27 TORONTO-37 UALBERTA-38 OTTAWA-7 MANITOBA-15 MONTREAL-17,2,0,0,0,1,0,0,0,1,0,0,0,0,0,0,0,0,1,3
17,Asijjirninga takunnaqtauninganna Kanata :,,"Amagoalik, John.",,,,232 p. :,,asijjirningatakunnaqtauningannakanataunikkaaqtuaqjaanamarualiuvmissaanut-amag-2007,unikkaaqtuaq Jaan Amarualiuv missaanut /,,,2007,c2007.,,"Iqaluit, NU :",,"Nunavut Arctic College,",,"1896204848, 9781896204840",318230799,,,,,,YES,,YES,YES,,YES,YES,YES,,,YES,,,LAC-46 UALBERTA-43 MANITOBA-37 OTTAWA-44 QUEENS-14 LAC-43 UALBERTA-40 MANITOBA-38 MCGILL-4 MONTREAL-9,3,0,0,0,0,1,0,0,1,0,0,0,1,0,0,0,0,0,3
19,Avatimik Kamattiarniq :,,"Hoffman, Jordan,",,,,"viii, 263 pages :",,avatimikkamattiarniqarcticecologyandenvironmentalstewardship-hoff-2016,Arctic ecology and environmental stewardship /,,,2016,,[2016];©2016,,"[Iqaluit, NU] :",,"Nunavut Arctic College,","1897568487, 9781897568484",1038733867,,,,,,,,,YES,YES,,,,,,YES,,,MEMORIAL-37 UALBERTA-50 MCGILL-2,3,0,0,1,0,0,0,0,1,0,0,0,1,0,0,0,0,0,3
20,Between heaven and earth :,,,,,,"120 pages, 8 unnumbered pages of plates, 120 pages :",,betweenheavenandearththerecollectionsoffelixkupak--2012,the recollections of Felix Kupak /,,,2012,,2012.;©2012,,"Iqaluit, Nunavut :",,"Language and Culture Program of Nunavut Arctic College,","2921438879, 9782921438872","907310915, 932001859",2014481271.0,,,,,,,YES,,YES,YES,,,,YES,YES,,,MEMORIAL-13 TORONTO-11 UALBERTA-73 MANITOBA-69 MONTREAL-12,5,0,0,0,1,0,0,0,1,0,0,1,0,0,0,0,0,0,3
21,Birth on the land :,,"O'Brien, Beverley Ann Claire,",,,,"144, 144 pages :",,birthonthelandmemoriesofinuiteldersandtraditionalmidwives-obri-2012,memories of Inuit elders and traditional midwives /,,,2012,,[2012];©2012,,"[Arviat, Nunavut] :",,Nunavut Arctic College,"189756810X, 1897568185, 9781897568101, 9781897568187","966255620, 9781897568101, 832455850",,,,YES,,,,YES,YES,YES,,YES,,,,YES,,,MEMORIAL-26 CALGARY-5 UALBERTA-42 OTTAWA-12 MANITOBA-11 MCGILL-3,6,0,0,0,0,0,0,1,1,0,0,0,1,0,0,0,0,0,3
22,"""""""The caribou taste different now"""" :""",,,,,,314 pages :,,cariboutastedifferentnowinuiteldersobserveclimatechange--2016,Inuit elders observe climate change /,,,2016,,[2016];©2016,,"Iqaluit, NU :",,"Nunavut Arctic College Media,","1897568398, 9781897568392",945583292,,,,,,YES,,YES,YES,YES,YES,YES,,,YES,YES,,,LAC-69 MCGILL-1 MEMORIAL-19 TORONTO-10 UALBERTA-46 OTTAWA-4 MANITOBA-33 MONTREAL-13,8,0,0,0,1,1,0,0,1,0,0,0,0,0,0,0,0,0,3
27,Classifying vertebrates =,,"Christopher, Neil,",,,,"51, 51 p. :",,classifyingvertebratesnalunaijainiqrkimirlulingnit-chri-2005,Nalunaijainiq rkimirlulingnit.,,1972-,2005,c2005.,,[Iqaluit] :,,"Nunavut Bilingual Education Society,",,"1896204783, 9781896204789",71538997,,,,,,YES,,,,,,,,,,,,,LAC-40,1,0,0,0,0,1,0,0,0,0,0,0,0,0,0,0,0,0,1
30,Dental glossary :,,"Pastori, Charles,",,,,"vi, 63 p. :",,dentalglossaryenglishinuktitutfrenchglossairedentaireanglaisinuktitutfranca-past-1994,English/Inuktitut/French = Glossaire dentaire : anglais/Inuktitut/français /,,1954-,1994,1994.,,"Iqaluit, NT :",,"Arctic College, Nunatta Campus = Collège de l'Arctique, Campus Nunatta,",,"1896204007, 9781896204000",40611028,,,,,,YES,,YES,,,,,,,,YES,,,LAC-5 UALBERTA-32 MANITOBA-14 UALBERTA-4,3,0,0,0,0,1,0,0,1,0,0,1,0,0,0,0,0,0,3
32,Dreams and dream interpretation /,,,,,,"v, 249 pages :",,dreamsanddreaminterpretation--2001,,,,2001,,[2001].;©2001,,"Iqaluit, Nunavut :",,"Language and Culture Program, Nunavut Arctic College,","1896204481, 9781896204482","49046825, 1036158188, 77357866",,,,,,YES,,YES,,YES,YES,,YES,,YES,YES,,,MEMORIAL-23 TORONTO-44 LAC-11 LAC-84 UALBERTA-16 MANITOBA-8 MONTREAL-2 QUEENS-8,8,0,0,0,1,1,0,0,1,0,0,0,0,0,0,0,0,0,3
34,Dreams and dream interpretation [text (Inuktitut)] /,,"Kappianaq, George Agiaq.",,,,,,dreamsanddreaminterpretationtextinuktitut-kapp-2001,,,,2001,2001.,,"Iqaluit, NT :",,"Nunavut Arctic College,",,1896204499,1036034155,,,,,,YES,,,,,,,,,,,,,LAC-81,1,0,0,0,0,1,0,0,0,0,0,0,0,0,0,0,0,0,1
37,Environmental glossary :,,"Sammons, Katherine.",,,,"v, 142 pages",,environmentalglossaryenglishinuktitutfrenchglossairesurlenvironnementanglai-samm-1994,English/Inuktitut/French = Glossaire sur l'environnement : anglais/inuktitut/français /,,,1994,1994.,,Iqaluit [T.N.-O.] :,,"Arctic College, Nunatta Campus = Collège de l'Arctique, Campus Nunatta,",,"1896204023, 9781896204024",35887537,,,,,,YES,,YES,,,,,,,,YES,,,LAC-3 UALBERTA-1 MANITOBA-47,3,0,0,0,0,1,0,0,1,0,0,1,0,0,0,0,0,0,3
38,The ethnographic recordings of Inuit oral traditions /,,"Mary-Rousselière, Guy,",,,,359 pages :,,ethnographicrecordingsofinuitoraltraditions-mary-2009,,,"1913-1994,",2009,,2009.;©2009,,"Iqaluit, NU :",,"Nunavut Arctic College,","1897568037, 9781897568033","633149209, 726834054",2014481273.0,,,,,YES,,YES,YES,YES,YES,YES,,,YES,YES,YES,,MEMORIAL-12 TORONTO-39 LAC-52 UBC-5 UALBERTA-55 OTTAWA-5 MANITOBA-42 MCGILL-21 MONTREAL-5,9,0,0,0,1,1,0,0,1,0,0,0,0,0,0,0,0,0,3
40,Fighting for our rights :,,"Tapardjuk, Louis,",,,,181 pages :,,fightingforourrightsthelifeoflouistapardjuk-tapa-2013,the life of Louis Tapardjuk /,,,2013,,2013.,,"[Iqaluit, Nunavut] :",,"Nunavut Science Institute of the Nunavut Arctic College,","1897568126, 9781897568125",907260235,2014481270.0,,,,,YES,,YES,,,YES,,,,,,,,MANITOBA-44 LAC-85 LAC-86 MONTREAL-10,1,0,0,0,0,1,0,0,0,0,0,1,0,1,0,0,0,0,3
42,Glossary of elder's terminology /,,,2005 ed.,,,128 pages,,glossaryofeldersterminology--2005,,,,2005,"2005, ©2003.",,"Iqaluit, Nunavut :",,"The Language and Culture Program of Nunavut Arctic College,",,"1896204627, 9781896204628",154686141,,,,,,YES,,YES,,,,YES,,,,YES,,,LAC-42 UALBERTA-26 OTTAWA-16 MANITOBA-51,4,0,0,0,0,1,0,0,1,0,0,0,0,0,0,0,0,1,3
43,Glossary of government terminology.,,,2003 edition.,,,78 pages,,glossaryofgovernmentterminology--2003,,,,2003,©2003.,,"Iqaluit, NU :",,"Language and Culture Program of Nunavut Arctic College,",,"1896204619, 9781896204611",151197553,,,,,,YES,,YES,,,,YES,,,,YES,,,LAC-41 UALBERTA-24 OTTAWA-17 MANITOBA-41,4,0,0,0,0,1,0,0,1,0,0,0,0,0,0,0,0,1,3
45,Guidelines for working with Inuit elders =,,"Owlijoot, Pelagie.",,,,"19, 19 p. :",,guidelinesforworkingwithinuiteldersmaligaksaitpiliriqatiqangnirmikinuitinna-owli-2008,Maligaksait piliriqatiqangnirmik Inuit innanginnik /,,,2008,2008.,,"[Iqaluit, Nunavut] :",,"Nunavut Arctic College,",,"1553251474, 9781553251477",732948574,,,,,,YES,,,,,,,,,,,,,LAC-57,1,0,0,0,0,1,0,0,0,0,0,0,0,0,0,0,0,0,1
46,The hands' measure :,,,,,,391 pages :,,handsmeasureessayshonouringleahaksaajuqotakscontributiontoarcticscience--2018,essays honouring Leah Aksaajuq Otak's contribution to Arctic science /,,,2018,,[2018];©2018,,"Iqaluit, NU :",,"Nunavut Arctic College Media,","189756841X, 9781897568415",1080218222,,,YES,YES,,YES,,YES,YES,YES,,YES,YES,,YES,YES,,,BROCK-4 OTTAWA-13 QUEENS-22 MEMORIAL-36 TORONTO-33 LAC-87 CALGARY-15 UALBERTA-64 MANITOBA-16 MCGILL-22,10,0,0,0,1,1,0,0,1,0,0,0,0,0,0,0,0,0,3
48,Hardships of the past :,,,,,,255 pages :,,hardshipsofthepastrecollectionsofarviatelders--2010,recollections of Arviat elders /,,,2010,,2010.;©2010,,"Iqaluit, Nunavut :",,"Nunavut Arctic College,","1896204686, 97818962004686, 9781896204680","753224054, 780494026",2014481272.0,,,,,YES,,YES,YES,YES,YES,YES,,,YES,,YES,,MEMORIAL-11 TORONTO-14 LAC-58 UBC-6 OTTAWA-6 MANITOBA-64 MCGILL-6 MONTREAL-6,8,0,0,0,1,1,1,0,0,0,0,0,0,0,0,0,0,0,3
49,Health glossary for Nunavut educators =,,"Burry, Andrea.",,,,170 pages :,,healthglossaryfornunavuteducatorstukisigiarutitimittiaringnirmut-burr-2015,Tukisigiaruti timittiaringnirmut.,,,2015,©2015.,,[Nunavut] :,,"Nunavut Arctic College,",,"1897568312, 9781897568316",978299338,,,,,,,,YES,,YES,,,,,,YES,,,MANITOBA-49 MEMORIAL-31 UALBERTA-57,3,0,0,1,0,0,0,0,1,0,0,1,0,0,0,0,0,0,3
51,Human services glossary,,"Korhonen, Marja.",,,,"v, 155 p.",,humanservicesglossaryenglishinuktitutfrenchglossaireservicessociauxangliasi-korh-1997,English/Inuktitut/French = Glossaire services sociaux anglias/inuktitut/français,,,1997,1997.,,"Iqaluit, N.T.",,"Arctic College, Nunatta Campus = Collège de l'Arctique, Campus Nunatta",,1896204147,855334674,,,,,,YES,,YES,,,,,,,,YES,,,UALBERTA-21 MANITOBA-5 UALBERTA-23 LAC-67 LAC-66 MANITOBA-54,1,0,0,0,0,1,0,0,1,0,0,1,0,0,0,0,0,0,3
52,Hunting caribou in the fall /,,,,,,68 pages :,,huntingcaribouinthefall--2016,,,,2016,,[2016];©2016,,"Iqaluit, NU :",,"Nunavut Arctic College Media,","1897568444, 9781897568446",949823522,,,,,,YES,,YES,,YES,,,,,,YES,,,MEMORIAL-39 LAC-71 UALBERTA-49 MANITOBA-62,4,0,0,0,0,1,0,0,1,0,0,1,0,0,0,0,0,0,3
53,Hunting polar bear in the winter /,,,,,,"81, 80 pages :",,huntingpolarbearinthewinter--2018,,,,2018,,[2018];©2018,,"Iqaluit, Nunavut :;Iqaluit, Nunavut :",,"Nunavut Arctic College Media =;Silattuqsarvingmi Tusaqattautilirijiit,","1897568533, 9781897568538",1035318400,,,,,,YES,,,,YES,,,,,,YES,,,MEMORIAL-34 LAC-78 UALBERTA-48,3,0,0,1,0,1,0,0,1,0,0,0,0,0,0,0,0,0,3
54,Hunting seal in the summer /,,,,,,74 pages :,,huntingsealinthesummer--2016,,,,2016,,[2016];©2016,,"Iqaluit, NU :",,"Nunavut Arctic College Media,","1897568428, 9781897568422",949823521,,,,,,YES,,YES,YES,YES,,,,,,YES,,,MEMORIAL-38 LAC-70 UALBERTA-59 MANITOBA-31 MCGILL-7,5,0,0,0,0,1,0,0,1,0,0,0,1,0,0,0,0,0,3
55,Iliqkusiliriniup miksaanut nipiliuqtaunnikut Inuit unikkausikkut piqkusiit /,,"Mary-Rousselière, Guy,",,,,310 p. :,,iliqkusiliriniupmiksaanutnipiliuqtaunnikutinuitunikkausikkutpiqkusiit-mary-2009,,,1913-1994.,2009,c2009.,,"Iqaluit, NU :",,"Nunavut Arctic College,",,"1897568045, 9781897568040","633149143, 1032170645",,,,,,YES,,,,,,,,,,,,,LAC-51 LAC-77,2,0,0,0,0,1,0,0,0,0,0,0,0,0,0,0,0,0,1
56,Ilunarvingni naisausirinirmut uqausiit (Inuktitut/Rkallunaatitut/Uiviititullu) /,,"Allen, Don.",1997 ed.,,,102 pages,,ilunarvingninaisausirinirmutuqausiitinuktitutrkallunaatitutuiviititulluscho-alle-1997,School mathematics glossary (English/Inuktitut/French) = Glossaire d'enseignement scolaire de mathematiques (anglais/inuktitut/français) / Don Allen.,,,1997,1997.,,"Iqaluit, NT :",,"Ukiuqtaqtumu Silatutqsarvik, Nunatta Ilisarvinga = Arctic College, Nunatta Campus = Collège de l'Arctique, Campus Nunatta,",,"1896204163, 9781896204161",53793507,,,,,,YES,,YES,,,,,,,,YES,YES,,LAC-27 UBC-1 UALBERTA-20 MANITOBA-45,4,0,0,0,0,1,1,0,1,0,0,0,0,0,0,0,0,0,3
60,Intermediate Inuktitut :,,"Mallon, S. T.",,,,1 v. (various pagings) :,,intermediateinuktitutversion11-mall-1996,version 1.1 /,"(Sydney Tate),",1933-,1996,1996.,,Iqaluit :,,"Ittukuluuk Language Programs,",,1896204252,871819335,,,,,,,,,,,,YES,,,,,,,OTTAWA-31,1,0,0,0,0,0,0,0,0,0,0,0,0,0,0,0,0,1,1
66,Inuit communities :,,"Dorais, Louis-Jacques,",,,,106 p.,,inuitcommunitiesanintroductiontosocialrelationsandcommunitystudies-dora-2001,an introduction to social relations and community studies /,,1945-,2001,2001.,,"Iqaluit, Nunavut :",,"Nunavut Arctic College, Nunatta Campus,",,189620446,65517846,,,,,,,,YES,,,,YES,,,,YES,,,UALBERTA-14 OTTAWA-20 MANITOBA-29,3,0,0,0,0,0,0,0,1,0,0,1,0,0,0,0,0,1,3
69,Inuit kinship and naming customs in Baffin Region /,,,,,,79 pages :,,inuitkinshipandnamingcustomsinbaffinregion--2014,,,,2014,,[2014];©2014,,"[Iqaluit, NU] :",,"Nunavut Arctic College,","1897568177, 9781897568170","946081839, 9781897568170, 1041279562",,,,YES,YES,,,YES,YES,YES,YES,,,,,YES,,,MEMORIAL-40 CALGARY-4 UALBERTA-62 CONCORDIA-4 MANITOBA-25 MCGILL-10 MONTREAL-15,7,0,0,0,0,0,0,1,1,0,0,0,1,0,0,0,0,0,3
70,Inuit laws :,,"Aupilaarjuk, Mariano.",2nd edition.,,,pages cm.,,inuitlawspiqujaitmaligaitandtirigusuusiit-aupi-2017,"piqujait, maligait, and tirigusuusiit /",,,2017,,2017.,,"Iqaluit, Nunavut :",,"Nunavut Arctic College Media,","1897568509, 9781897568507","985966196, 9781897568507",,,YES,YES,YES,YES,,YES,YES,YES,,,YES,,YES,YES,,,TORONTO-7 CALGARY-8 BROCK-6 UALBERTA-60 MANITOBA-50 MEMORIAL-35 LAC-74 CONCORDIA-6 MCGILL-11 QUEENS-19,9,0,0,0,1,1,0,0,1,0,0,0,0,0,0,0,0,0,3
74,Inuit qaujimajatuqangit :,,,,,,"iv, 294 p. :",,inuitqaujimajatuqangitangakkuunirluullumilisauliqtunutnattannginnilliuqpakt--2002,angakkuunirlu ullumilisauliqtunut nattannginnilliuqpaktunik aaqkiksuiniq /,,,2002,c2002.,,[Iqaluit] :,,"Nunavut Arctic College, [Language and Culture Program],",,"11896204570, 1896204570, 9781896204574",53793468,,,,,,YES,,YES,,,,,,,YES,,,,TORONTO-22 LAC-26 MANITOBA-12,3,0,0,0,1,1,0,0,0,0,0,1,0,0,0,0,0,0,3
75,Inuit qaujimajatuqangit :,,,,,,"iii, 231 p. :",,inuitqaujimajatuqangitshamanismandreintegratingwrongdoersintothecommunity--2002,shamanism and reintegrating wrongdoers into the community /,,,2002,c2002.,,Iqaluit :,,"Nunavut Arctic College, Language and Culture Program,",,"1896204562, 2896204562, 9781896204567",53793393,,,,,,YES,,YES,,,,YES,YES,,YES,YES,,,TORONTO-43 LAC-25 UALBERTA-69 OTTAWA-8 MANITOBA-46 QUEENS-13,6,0,0,0,1,1,0,0,1,0,0,0,0,0,0,0,0,0,3
76,Inuit uqausiqatigiit =,,"Dorais, Louis-Jacques,",Updated edition.,,,"viii, 262 pages :",,inuituqausiqatigiitinuitlanguages&dialects-dora-2017,Inuit languages & dialects /,,1945-,2017,,[2017];©2017,,"Iqaluit, NU :",,"Nunavut Arctic College Media,","1897568517, 9781897568514",1035321710,,,YES,,,YES,,YES,YES,YES,,,,,,YES,,,BROCK-5 MEMORIAL-29 LAC-79 UALBERTA-63 MANITOBA-43 MCGILL-13,6,0,0,0,0,1,0,0,1,0,0,0,1,0,0,0,0,0,3
77,Inuit uqausiqatigiit =,,"Dorais, Louis-Jacques,","2nd., rev. ed.",,,"iv, 183 p. :",,inuituqausiqatigiitinuitlanguagesanddialects-dora-2003,Inuit languages and dialects /,,1945-,2003,2003.,,Iqaluit :,,"Nunavut Arctic College,",,"1895050014, 9781895050011",53847235,,,,YES,,YES,,,YES,,,,,,,,,,LAC-32 CALGARY-1 MCGILL-12,3,0,0,0,0,1,0,1,0,0,0,0,1,0,0,0,0,0,3
78,Inuit worldviews :,,,2nd edition.,,,"x, 321 pages",,inuitworldviewsanintroduction--2017,an introduction /,,,2017,,[2017];©2017,,"Iqaluit, NU :",,"Nunavut Arctic College Media,","1897568525, 9781897568521",1019812268,,,YES,YES,YES,YES,,YES,YES,YES,,,YES,,YES,YES,,,BROCK-7 MEMORIAL-30 LAC-76 CONCORDIA-7 MCGILL-14 QUEENS-18 TORONTO-8 CALGARY-9 UALBERTA-61 MANITOBA-2,10,0,0,0,1,1,0,0,1,0,0,0,0,0,0,0,0,0,3
80,Inuktitut 110 /,,"Kublu, Alexina.",,,,2 v. :,,inuktitut110-kubl-1996,,,,1996,c1996.,,Iqaluit :,,"Nunavut Arctic College, Nunatta Campus,",,"189620404X, 9781896204048",156489638,,,,,,YES,,YES,,,,YES,,,,YES,,,UALBERTA-27 OTTAWA-35 MANITOBA-21 LAC-75,3,0,0,0,0,1,0,0,1,0,0,0,0,0,0,0,0,1,3
82,Inuktitut 115 /,,"Kublu, Alexina.",,,,"109, 9 pages :",,inuktitut115-kubl-1996,,,,1996,©1996.,,Iqaluit :,,"Nunavut Arctic College, Nunatta Campus,",,"1896204104, 9781896204109",47146649,,,,,,YES,,YES,,,,YES,,,,YES,,,LAC-10 UALBERTA-8 OTTAWA-33 MANITOBA-60,4,0,0,0,0,1,0,0,1,0,0,0,0,0,0,0,0,1,3
83,Inuktitut 120 /,,"Kublu, Alexina.",,,,2 v. :,,inuktitut120-kubl-1996,,,,1996,c1996.,,Iqaluit :,,"Nunavut Arctic College, Nunatta Campus,",,"1896204066, 9781896204062",156498980,,,,,,YES,,YES,,,,YES,,,,YES,,,UALBERTA-28 OTTAWA-36 MANITOBA-23 LAC-64,3,0,0,0,0,1,0,0,1,0,0,0,0,0,0,0,0,1,3
86,Inuktitut 130 /,,"Kublu, Alexina.",,,,2 v.,,inuktitut130-kubl-1996,,,,1996,c1996.,,Iqaluit :,,"Nunavut Arctic College, Nunatta Campus,",,"1896204082, 9781896204086",156506703,,,,,,YES,,YES,,,,YES,,,,YES,,,UALBERTA-29 OTTAWA-37 MANITOBA-6 LAC-60,3,0,0,0,0,1,0,0,1,0,0,0,0,0,0,0,0,1,3
88,Inuktitut :,,"Spalding, Alex.",,,,"xi, 195 pages",,inuktitutamultidialectaloutlinedictionarywithanaivilingmiutaqbase-spal-1998,a multi-dialectal outline dictionary (with an Aivilingmiutaq base) /,,,1998,c1998.,,"Iqaluit, NT :",,"Nunavut Arctic College,",,"1896204295, 9781896204291",39354748,,,,YES,,YES,,YES,YES,YES,,YES,YES,,YES,YES,,,MEMORIAL-4 TORONTO-36 LAC-4 CALGARY-10 UALBERTA-6 OTTAWA-39 MANITOBA-52 MCGILL-15 QUEENS-1,9,0,0,0,1,1,0,0,1,0,0,0,0,0,0,0,0,0,3
89,Inuktitut qarisaujakkut naqittariuqsajjut (Naamajut atuqlhugit) /,,"Kublu, Alexina.",1996 ed.,,,32 leaves :,,inuktitutqarisaujakkutnaqittariuqsajjutnaamajutatuqlhugit-kubl-1996,,,,1996,1996.,,"Iqaluit, NT :",,"Nunavut Arctic College,",,"1896204198, 9781896204192",154211544,,,,,,YES,,YES,,,,YES,,,,YES,,,OTTAWA-34 UALBERTA-25 MANITOBA-61 LAC-65,3,0,0,0,0,1,0,0,1,0,0,0,0,0,0,0,0,1,3
91,Inuupluni uqalimaariursaqti tauniq :,,"Ittinuar, Peter Freuchen,",,,,210 p. :,,inuupluniuqalimaariursaqtitauniqpiitaitinnuapuqaqatigijauninga-itti-2009,Piita Itinnuap uqaqatigijauninga /,,1950-,2009,c2008.,,"Iqaluit, NU :",,"Nunavut Arctic College,",,"1896204910, 9781896204918",731321174,,,,,,YES,,,,,,,,,,,,,LAC-55,1,0,0,0,0,1,0,0,0,0,0,0,0,0,0,0,0,0,1
94,Kangiryuarmiut Inuinnaqtun :,,"Kudlak, Emily,",,,,"xxviii, 553 pages",,kangiryuarmiutinuinnaqtunuqauhiitaanumiktitirutaitdictionary-kudl-2018,uqauhiitaa numiktitirutait dictionary /,,,2018,,[2018];©2018,,"Iqaluit, NU :",,"Nunavut Arctic College Media,","189756855X, 9781897568552",1049264838,,,,,,,,YES,YES,YES,,YES,YES,,YES,,,,MEMORIAL-33 TORONTO-27 OTTAWA-15 MANITOBA-55 MCGILL-16 QUEENS-21,6,0,0,0,1,0,0,0,0,0,0,0,1,0,1,0,0,0,3
97,Land claims glossary :,,"Crawford, Ann.",,,,"v, 130 pages",,landclaimsglossaryenglishinuktitutfrenchglossairedesrevendicationsterritori-craw-1994,English/Inuktitut/French = Glossaire des revendications territoriales : anglais/inuktitut/français /,,,1994,1994.,,Iqaluit [T.N.-O.] :,,"Arctic College, Nunatta Campus = Collège de l'Arctique, Campus Nunatta,",,"1896204031, 9781896204031","35887531, 35880066",,,,,,YES,,YES,,,,,,,,YES,,,LAC-2 UALBERTA-2 LAC-50 MANITOBA-1,2,0,0,0,0,1,0,0,1,0,0,1,0,0,0,0,0,0,3
99,Language in Inuit society /,,"Dorais, Louis-Jacques,",,,,111 pages,,languageininuitsociety-dora-1996,,,1945-,1996,1996.,,Iqaluit [Nunavut] :,,"Nunavut Arctic College, Nunatta Campus,",,"1896204287, 9781896204284",43897052,,,,YES,YES,YES,,YES,,YES,,YES,,,YES,YES,,,MEMORIAL-3 TORONTO-5 TORONTO-40 LAC-6 CALGARY-12 UALBERTA-7 CONCORDIA-1 OTTAWA-19 MANITOBA-58,9,0,0,0,1,1,0,0,1,0,0,0,0,0,0,0,0,0,3
100,Language in Nunavut :,,"Dorais, Louis-Jacques,",,,,"vi, 194 pages :",,languageinnunavutdiscourseandidentityinthebaffinregion-dora-2002,discourse and identity in the Baffin Region /,,1945-,2002,,[2002];©2002,,Iqaluit :,,"Nunavut Arctic College, Language and Culture Program,","1896204600, 9781896204604",53900216,,,,,,YES,,YES,,YES,,YES,,,YES,YES,,,MEMORIAL-28 TORONTO-19 LAC-34 UALBERTA-18 OTTAWA-38 MANITOBA-34,6,0,0,0,1,1,0,0,1,0,0,0,0,0,0,0,0,0,3
102,Legal glossary :,,"Brice-Bennett, Desmond.",1997 ed.,,,"v, 289 p.",,legalglossaryenglishinuktitutfrenchglossairejuridiqueanglaisinuktitutfranca-bric-1997,English/Inuktitut/French = Glossaire juridique : anglais/inuktitut/français /,,,1997,c1997.,,"Iqaluit, NT :",,"Nunavut Arctic College, Nunatta Campus,",,"1896204279, 9781896204277",156539402,,,,,,,,YES,,,,YES,,,,YES,,,UALBERTA-30 OTTAWA-18 MANITOBA-4,3,0,0,0,0,0,0,0,1,0,0,1,0,0,0,0,0,1,3
104,Medical glossary :,,"Penney, Christine.",,,,"v, 216 pages",,medicalglossaryenglishinuktitutfrenchglossairemedicalanglaisinuktitutfranca-penn-1995,English/Inuktitut/French = Glossaire médical : anglais/inuktitut/français /,,,1995,1995.,,Iqaluit [T.N.-O.] :,,"Arctic College, Nunatta Campus = Collège de l'Arctique, Campus Nunatta,",,"1896204015, 9781896204017","35887527, 256488575",,,,,,YES,,YES,,,,,,,,YES,,,LAC-1 UALBERTA-3 MANITOBA-22,3,0,0,0,0,1,0,0,1,0,0,1,0,0,0,0,0,0,3
107,Niurrutiqarniq :,,,,,,268 p. :,,niurrutiqarniqtauqsiiqatiqaqattarniqniuviqtikunnit--2009,tauqsiiqatiqaqattarniq niuviqtikunnit /,,,2009,c2009.,,"Iqaluit, NU :",,"Nunavut Arctic College,",,"1897568010, 9781897568019",720809094,,,,,,YES,,,,,,,,,,,,,LAC-53,1,0,0,0,0,1,0,0,0,0,0,0,0,0,0,0,0,0,1
108,Niurrutiqarniq :,,,,,,278 pages :,,niurrutiqarniqtradingwiththehudsonsbaycompany--2009,trading with the Hudson's Bay Company /,,,2009,,[2009];©2009,,"Iqaluit, NU :",,"Nunavut Arctic College,","1897568002, 9781897568002",720809103,,,,,,YES,,YES,YES,,,YES,,,,YES,,,LAC-54 UALBERTA-66 OTTAWA-9 MANITOBA-18 MCGILL-18,5,0,0,0,0,1,0,0,1,0,0,0,1,0,0,0,0,0,3
109,Northern government /,,"McCann, Doris.",,,,1 v. :,,northerngovernment-mcca-1999,,,,1999,[1999],,"[Iqaluit, Nunavut] :",,"Nunavut Arctic College, Language and Culture Program,",,"189620452X, 9781896204529",50494565,,,,,,YES,,YES,,,,YES,,,,,,,LAC-17 OTTAWA-21 MANITOBA-10,3,0,0,0,0,1,0,0,0,0,0,1,0,0,0,0,0,1,3
110,Nunattinni aullakataqattarniq annaumanasungnirlu,,"Kappianaq, George Agiaq.",,,,212 p.,,nunattinniaullakataqattarniqannaumanasungnirlu-kapp-2001,,,,2001,c2001.,,"Iqaluit, Nunavut",,Nunavut Arctic College,,18966204511,855346343,,,,,,,,YES,,,,,,,,,,,MANITOBA-63,1,0,0,0,0,0,0,0,0,0,0,1,0,0,0,0,0,0,1
111,Nunattinni aullakatarkattarniq annaumanasungnirlu /,,"Kappianaq, George Agiaq,",,,,212 pages :,,nunattinniaullakatarkattarniqannaumanasungnirlu-kapp-2001,,,,2001,,[2001];©2001,,"Iqaluit, Nunavut :",,"Nunavut Arctic College, [Language and Culture Program],","1896204511, 9781896204512",53793561,,,,,,YES,,,,,,,,,,YES,,,LAC-28 UALBERTA-53,2,0,0,0,0,1,0,0,1,0,0,0,0,0,0,0,0,0,2
117,An overview of the Legislative Assembly of Nunavut.,,,,,,1 v.,,overviewofthelegislativeassemblyofnunavut--1999,,,,1999,1999.,,"Iqaluit, Nunavut :",,"Nunavut Arctic College, Language and Culture Program,",,"1896204538, 9781896204536",50495436,,,,,,YES,,YES,,,,YES,,,YES,YES,,,UALBERTA-31 OTTAWA-24 MANITOBA-56 TORONTO-20 LAC-19,5,0,0,0,1,1,0,0,1,0,0,0,0,0,0,0,0,0,3
121,Perspectives on traditional law /,,,,,,"v, 237 p. :",,perspectivesontraditionallaw--1999,,,,1999,c1999.,,"Iqaluit, Nunavut :",,"Language and Culture Program of Nunavut Arctic College,",,"1896204341, 9781896204345",44713342,,,YES,YES,,YES,,YES,YES,YES,,YES,YES,,YES,YES,YES,,BROCK-1 MEMORIAL-7 TORONTO-3 LAC-9 UBC-2 UBC-3 UALBERTA-10 MANITOBA-35 MCGILL-5 QUEENS-3 MEMORIAL-42 LAC-20 MANITOBA-13 QUEENS-4 UALBERTA-13 OTTAWA-45 CALGARY-13 OTTAWA-25 MCGILL-8 TORONTO-4 LAC-16 UBC-4 UALBERTA-9 MANITOBA-30 QUEENS-2 LAC-22 UALBERTA-58 LAC-23 MEMORIAL-25 LAC-12 UALBERTA-15 OTTAWA-28 MANITOBA-24 QUEENS-5 TORONTO-38 LAC-7 UALBERTA-12 MANITOBA-9 LAC-24,4,0,0,0,1,1,0,0,1,0,0,0,0,0,0,0,0,0,3
124,Public issues in the Nunavut land claim implementation /,,"McCann, Doris.",,,,1 v. (various pagings) :,,publicissuesinthenunavutlandclaimimplementation-mcca-1997,,,,1997,[1997],,"Iqaluit, Nunavut :",,"Nunavut Arctic College, Language and Culture Program,",,"1896204554, 9781896204550",50494794,,,,,,YES,,YES,,,,YES,,,YES,YES,,,TORONTO-24 LAC-18 UALBERTA-22 OTTAWA-23 MANITOBA-53,5,0,0,0,1,1,0,0,1,0,0,0,0,0,0,0,0,0,3
125,Purpose and principles /,,,,,,56 unnumbered pages,,purposeandprinciples--1997,,,,1997,1997.,,Iqaluit :,,"Nunavut Teacher Education Program,",,1896204260,995579999,,,,,,,,,,YES,,,,,,,,,MEMORIAL-6,1,0,0,1,0,0,0,0,0,0,0,0,0,0,0,0,0,0,1
126,The qaggiq model :,,"McGrath, Janet Tamalik,",,,,406 pages :,,qaggiqmodeltowardatheoryofinuktutknowledgerenewal-mcgr-2018,toward a theory of Inuktut knowledge renewal /,,,2018,,[2018];©2018,,"Iqaluit, NU :",,"Nunavut Arctic College Media,","1897568584, 9781897568583",1080219451,,,YES,,,,,YES,YES,YES,,YES,YES,,YES,YES,,,BROCK-3 MEMORIAL-22 TORONTO-32 UALBERTA-65 OTTAWA-14 MANITOBA-26 MCGILL-23 QUEENS-20,8,0,0,0,1,0,0,0,1,0,0,0,1,0,0,0,0,0,3
127,Qaujimajariaqaqtugut kinaunittinnik :,,"Quassa, Paul Aarulaaq.",,,,221 p. :,,qaujimajariaqaqtugutkinaunittinnikpaalquasaupinuusinganikunikkaaq-quas-2007,Paal Quasaup inuusinganik unikkaaq /,,,2007,c2007.,,"Iqaluit, NU :",,"Nunavut Arctic College,",,"1896204899, 9781896204895",731321177,,,,,,YES,,,,,,,,,,,,,LAC-56,1,0,0,0,0,1,0,0,0,0,0,0,0,0,0,0,0,0,1
128,Representing Tuurngait /,,,,,,"vi, 212 pages :",,representingtuurngait--2000,,,,2000,2000.,,"Iqaluit, N.W.T. :",,"Nunavut Arctic College,",,"1896204449, 9781896204444",77083844,,,YES,,YES,YES,,YES,YES,YES,YES,YES,YES,,YES,YES,YES,,BROCK-2 MEMORIAL-8 LAC-33 CONCORDIA-2 MANITOBA-59 MCGILL-9 QUEENS-10 TORONTO-13 TORONTO-21 MCGILL-17 QUEENS-11 LAC-68 UALBERTA-11 OTTAWA-22 MANITOBA-48 TORONTO-15 MONTREAL-1 MEMORIAL-10 LAC-31 UBC-7 MCGILL-26 QUEENS-9,1,0,0,0,1,1,0,0,1,0,0,0,0,0,0,0,0,0,3
129,School science glossary :,,"Allen, Don.",1997 ed.,,,"xiii, 143 p.",,schoolscienceglossaryenglishinuktitutfrenchglossairescientifiqueeleimentair-alle-1997,(English/Inuktitut/French) = Glossaire scientifique eleÌmentaire : (Anglais/Inuktitut/FrancÌ§ais) /,,,1997,c1997.,,"Iqaluit, Nunavut :",,"Nunavut Arctic College,",,1896204171,56838435,,,,,,,,YES,,,,YES,,,,,,,MANITOBA-39 OTTAWA-29,2,0,0,0,0,0,0,0,0,0,0,1,0,0,0,0,0,1,2
131,Science ideas for elementary classrooms /,,"Christopher, Neil,",,,,v. :,,scienceideasforelementaryclassrooms-chri-2005,,,1972-,2005,c2005.,,[Iqaluit?] :,,"Nunavut Bilingual Education Society,",,"1896204678, 9781896204673",772460441,,,,,,,,,,,,,,,,YES,,,UALBERTA-35,1,0,0,0,0,0,0,0,1,0,0,0,0,0,0,0,0,0,1
132,Sinnakturniq sinnaktuumaniglu tukiliuriniq /,,"Kappianaq, George Agiaq.",,,,"v, 294 p. :",,sinnakturniqsinnaktuumaniglutukiliuriniq-kapp-2001,,,,2001,c2001.,,"Iqaluit, Nunavut :",,"[Language and Culture Program], Nunavut Arctic College,",,"189620449X, 189620499X, 9781896204499","49514292, 855341738",,,,,,YES,,YES,,,,,,,YES,YES,,,TORONTO-25 LAC-15 UALBERTA-52 MANITOBA-7,4,0,0,0,1,1,0,0,1,0,0,0,0,0,0,0,0,0,3
133,Surviving in different worlds :,,,,,,"xvi, 279 p., [10] p. of plates :",,survivingindifferentworldstransferringinuittraditionsfromelderstoyouth--2007,transferring Inuit traditions from elders to youth /,,,2007,c2007.,,Iqaluit :,,"Nunavut Arctic College,",,"1896204708, 9781896204703",351393491,,,,,,,,,,YES,,YES,,,,YES,,,MEMORIAL-41 UALBERTA-33 OTTAWA-11,3,0,0,1,0,0,0,0,1,0,0,0,0,0,0,0,0,1,3
136,Taiksumani :,,"Christopher, Neil,",,,,"60, 60 p. :",,taiksumaniinuitmythsandlegendstaiksumaniinuitukpirijangitunikkaaqtuangillu-chri-2004,Inuit myths and legends = Taiksumani : Inuit ukpirijangit unikkaaqtuangillu.,,1972-,2004,c2004.,,[Iqaluit] :,,"Nunavut Bilingual Education Society,",,"1896204651, 9781896204659",61525697,,,,,,YES,,,,,,,,,,,,,LAC-35,1,0,0,0,0,1,0,0,0,0,0,0,0,0,0,0,0,0,1
137,Takunnannguaqtara :,,"Arvaluk, James,",,,,"xxxvi, 200 pages :",,takunnannguaqtarajaimsarvaalupinuusingatatunikkaanga-arva-2008,Jaims Arvaalup inuusingatat unikkaanga /,,"1948-2016,",2008,,[2008];©2007,,"Iqaluit, NU :",,"Nunavut Arctic College,","1896204864, 9781896204864",319931445,,,,,,YES,,YES,YES,YES,YES,YES,YES,,YES,YES,,,LAC-48 UALBERTA-54 MEMORIAL-14 LAC-47 OTTAWA-42 MCGILL-20 MONTREAL-7 QUEENS-15 TORONTO-23 UALBERTA-41 OTTAWA-26 MANITOBA-3,2,0,0,0,1,1,0,0,1,0,0,0,0,0,0,0,0,0,3
138,Teach an Eskimo how to read-- :,,,,,,237 pages :,,teachaneskimohowtoreadconversationswithpeterfreuchenittinuar--2008,conversations with Peter Freuchen Ittinuar /,,,2008,,[2008];©2008,,Iqaluit :,,"Nunavut Arctic College,","1896204902, 9781896204901","288987276, 919238818",,,,,YES,YES,,YES,YES,YES,YES,YES,YES,,,YES,,,LAC-44 UALBERTA-37 CONCORDIA-3 OTTAWA-47 MANITOBA-36 MCGILL-19 QUEENS-16 MEMORIAL-15 MONTREAL-11,9,0,0,0,0,1,0,0,1,0,0,0,1,0,0,0,0,0,3
143,Thou shalt do no murder :,,"Harper, Kenn",,,,"416 pages, 24 unnumbered pages of plates :",,thoushaltdonomurderinuitinjusticeandthecanadianarctic-harp-2017,"Inuit, injustice, and the Canadian Arctic /",,,2017,,[2017];©2017,,"Iqaluit, NU :",,"Nunavut Arctic College Media,","1897568495, 9781897568491","981934465, 9781897568491, 1033488939",,,,YES,YES,YES,,YES,YES,YES,YES,YES,YES,YES,YES,YES,,,REGINA-2 MEMORIAL-18 TORONTO-9 LAC-73 CALGARY-7 UALBERTA-47 CONCORDIA-5 OTTAWA-27 MANITOBA-40 MCGILL-24 MONTREAL-14 QUEENS-17,12,0,0,0,1,1,0,0,1,0,0,0,0,0,0,0,0,0,3
144,Too many people :,,"Rasing, W. C. E,",New edition.,,,"ix, 558 pages :",,toomanypeoplecontactdisorderchangeinaninuitsociety18222015-rasi-2016,"contact, disorder, change in an Inuit society, 1822-2015 /",,,2016,,2016.,,"Iqaluit, Nunavut :",,"Nunavut Arctic College Media,","1897568401, 9781897568408",988838262,,,,YES,,YES,,YES,YES,YES,YES,YES,,,YES,YES,,,TORONTO-26 UALBERTA-45 MEMORIAL-21 LAC-72 CALGARY-14 OTTAWA-3 MANITOBA-19 MCGILL-25 MONTREAL-18,2,0,0,0,1,1,0,0,1,0,0,0,0,0,0,0,0,0,3
147,Travelling and surviving on our land /,,"Kappianaq, George Agiaq,",,,,184 pages :,,travellingandsurvivingonourland-kapp-2001,,,,2001,,[2001];©2001,,"Iqaluit, Nunavut :",,"Nunavut Arctic College,","1896204503, 18966204503, 9781896204505","50495818, 77363060",,,,,,YES,,YES,,YES,YES,YES,YES,,YES,YES,,,MEMORIAL-17 TORONTO-41 LAC-21 UALBERTA-17 OTTAWA-10 MANITOBA-68 MONTREAL-3 QUEENS-7,8,0,0,0,1,1,0,0,1,0,0,0,0,0,0,0,0,0,3
148,Tukisigiaruti qaujisaqtulirinirmut :,,"Canady, Andrea,",,,,264 p. :,,tukisigiarutiqaujisaqtulirinirmutlifesciencehandbookfornunavuteducators-cana-2005,life science handbook for Nunavut educators /,,1973-,2005,c2005.,,[Iqaluit] :,,"Nunavut Bilingual Education Society,",,"1896204791, 9781896204796",64669685,,,,,,YES,,,,,,,,,,YES,,,LAC-37 UALBERTA-34,2,0,0,0,0,1,0,0,1,0,0,0,0,0,0,0,0,0,2
153,Ukpirnirkalirniq /,,"Tungilik, Victor.",,,,v. :,,ukpirnirkalirniq-tung-1999,,,,1999,c1999.,,"Iqaluit, Nunavut :",,"[Language and Culture Program], Nunavut Arctic College,",,18966204422,44713321,,,,,,,,YES,,YES,,YES,YES,,YES,YES,,,MEMORIAL-32 TORONTO-42 UALBERTA-67 OTTAWA-1 MANITOBA-67 QUEENS-6 OTTAWA-2,1,0,0,0,1,0,0,0,1,0,0,0,0,0,1,0,0,0,3
154,Unikkaaqtuat unikkaallu sanirajarmit katitaujut /,,,,,,180 p. :,,unikkaaqtuatunikkaallusanirajarmitkatitaujut--2005,,,,2005,2005.,,Iqaluit :,,"Nunavuumit Marrungnit Uqasilingnut Ilinniaqtittinirmit Katujjiqatiginggit,",,"1896204775, 9781896204772",71538995,,,,,,YES,,,,,,,,,,YES,,,LAC-39 UALBERTA-36,2,0,0,0,0,1,0,0,1,0,0,0,0,0,0,0,0,0,2
156,Uqausivut sivummuagutivut :,,,,,,198 pages :,,uqausivutsivummuagutivutourlanguageourleadership--2014,"our language, our leadership /",,,2014,,[2014],,"[Iqaluit, Nunavut] :",,"Nunavut Science Institute of the Nunavut Arctic College,","1897568193, 9781897568194",907263143,,,,,,,,YES,,YES,,,,,,,,,MANITOBA-27 MEMORIAL-24,2,0,0,1,0,0,0,0,0,0,0,1,0,0,0,0,0,0,2
157,Uqausivut sivummuagutivut :,,,,,,194 pages :,,uqausivutsivummuagutivuttitiraqtausimajutnuatausimajut--2014,titiraqtausimajut nuatausimajut /,,,2014,,[2014].;2013.,,"[Iqaluit, Nunavut] :",,"Nunavummi Qaujisaqtulirijikkut,","1897568207, 9781897568200",1110707375,,,,,,,,,,,YES,,,,,,,,MONTREAL-16,1,0,0,0,0,0,0,0,0,0,0,0,0,1,0,0,0,0,1
159,Utkuhiksalingmiut uqauhiitigut uqauhiliurut :,,,,,,"xi, 725 pages",,utkuhiksalingmiutuqauhiitigutuqauhiliurutdictionaryofutkuhiksalingmiutinukt--2015,dictionary of Utkuhiksalingmiut Inuktitut postbase suffixes /,,,2015,,2015.;©,,"Iqaluit, NU :",,"Nunavut Arctic College,","1897568320, 9781897568323",966257134,,,,YES,,,,YES,YES,YES,,,,,YES,,,,MEMORIAL-9 MCGILL-27 TORONTO-12 CALGARY-6 MANITOBA-32,5,0,0,0,1,0,0,1,0,0,0,0,1,0,0,0,0,0,3
161,We call it survival :,,"Okpik, Abraham,",,,,384 p. :,,wecallitsurvivalthelifestoryofabrahamokpik-okpi-2005,the life story of Abraham Okpik /,,1929-1997.,2005,c2005.,,Iqaluit :,,"Nunavut Arctic College,",,"1896204716, 9781896204710","64502438, 811614775, 228784386",,,,YES,,YES,,YES,YES,YES,YES,YES,YES,YES,YES,YES,,,REGINA-1 MEMORIAL-1 TORONTO-28 LAC-36 CALGARY-3 UALBERTA-19 OTTAWA-41 MANITOBA-20 MCGILL-28 MONTREAL-4 QUEENS-12 TORONTO-35,11,0,0,0,1,1,0,0,1,0,0,0,0,0,0,0,0,0,3
163,We need to know who we are :,,"Quassa, Paul,",,,,240 pages :,,weneedtoknowwhowearethelifestoryofpaulquassa-quas-2008,the life story of Paul Quassa /,,,2008,,[2008];©2008,,"Iqaluit, NU :",,"Nunavut Arctic College,","1896204880, 9781896204888","399591830, 798993731",,,,,,YES,,YES,YES,YES,YES,YES,,,,YES,,,MEMORIAL-16 LAC-49 UALBERTA-39 OTTAWA-43 MANITOBA-57 MCGILL-29 MONTREAL-8,7,0,0,0,0,1,0,0,1,0,0,0,1,0,0,0,0,0,3
1,2006-2007 annual report,,,,,,22 p. :,,20062007annualreportmoveforwardwithus--2007,move forward with us /,,,2007,[2007?],,"[Iqaluit, Nunavut?] :",,"Nunavut Arctic College,",,,708253192,,,,,,,,,,,,,,,YES,,,,TORONTO-34,1,0,0,0,1,0,0,0,0,0,0,0,0,0,0,0,0,0,1
2,2013-2014 annual report /,,,,,,"9, 2 pages, 19 unnumbered pages :",,20132014annualreport--2014,,,,2014,,2014.,,"[Iqaluit, Nunavut] :",,"Nunavut Arctic College,",,1020287581,,,,,,,,,,,,,,,YES,,,,TORONTO-29,1,0,0,0,1,0,0,0,0,0,0,0,0,0,0,0,0,0,1
8,Annual report /,,,,,,,,annualreport--199u,,,,199u,[199-]-,,"[Igaluit, NT] :",,"Nunavut Arctic College,",,,1035971832,,,,,,YES,,,,,,,,,,,,,LAC-80,1,0,0,0,0,1,0,0,0,0,0,0,0,0,0,0,0,0,1
9,Annual report 2005-2006,,,,,,22 p. :,,annualreport20052006--2006,,,,2006,[2006?],,"[Iqaluit, Nunavut] :",,"Nunavut Arctic College,",,,436942425,,,,,,,,,,,,,,,YES,,,,TORONTO-1,1,0,0,0,1,0,0,0,0,0,0,0,0,0,0,0,0,0,1
10,Annual report 2007-2008,,,,,,32 p. :,,annualreport20072008--2008,,,,2008,[2008?],,"[Iqaluit, Nunavut?] :",,"Nunavut Arctic College,",,,708252708,,,,,,,,,,,,,,,YES,,,,TORONTO-6,1,0,0,0,1,0,0,0,0,0,0,0,0,0,0,0,0,0,1
11,Annual report 2015-2016 /,,,,,,38 pages :,,annualreport20152016--2016,,,,2016,,2016.,,"[Iqaluit, Nunavut] :",,"Nunavut Arctic College,",,1020287580,,,,,,,,,,,,,,,YES,,,,TORONTO-16,1,0,0,0,1,0,0,0,0,0,0,0,0,0,0,0,0,0,1
16,Arraagutumanutunikkaalia 2011-2012 /,,,,,,"10, 2 pages, 14 unnumbered pages :",,arraagutumanutunikkaalia20112012--2012,,,,2012,,2012.,,"[Iqaluit, Nunavut] :",,"Nunavut Arctic College,",,1020287582,,,,,,,,,,,,,,,YES,,,,TORONTO-2,1,0,0,0,1,0,0,0,0,0,0,0,0,0,0,0,0,0,1
35,Elementary Inuktitut dialogues /,,"Mallon, Mick,",,,,83 pages :,,elementaryinuktitutdialogues-mall-1998,,,,1998,,1998.,,Nunavut :,,"Nunavut Arctic College, Nunatta Campus,",,56715316,,,,,,,,YES,,YES,,YES,,,,YES,,,MEMORIAL-20 UALBERTA-71 OTTAWA-32 MANITOBA-66,4,0,0,0,0,0,0,0,1,0,0,1,0,0,0,0,0,1,3
39,Exercises for Introductory Inuktitut /,,"Mallon, S. T.",,,,163 p. in various pagings :,,exercisesforintroductoryinuktitut-mall-1996,,"(Sidney Tate),",1933-,1996,[1996?],,[Iqaluit] :,,"Nunavut Arctic College,",,,793157918,,,,,,YES,,,,,,,,,,,,,LAC-61,1,0,0,0,0,1,0,0,0,0,0,0,0,0,0,0,0,0,1
44,Guidelines for working with inuit elders /,,"Owlijoot, Pelagie.",,,,,,guidelinesforworkingwithinuitelders-owli-2010,,,,2010,2008.,,[Nunavut?] :,,"Nunavut Arctic College,",,,,,,,,,,,,,,,,,,,,YES,,UBC-8,1,0,0,0,0,0,1,0,0,0,0,0,0,0,0,0,0,0,1
57,Index to Inuktitut magazine :,,,,,,102 p.,,indextoinuktitutmagazine19722010--2010,1972-2010 /,,,2010,2010].,,[Nunavut :,,"Nunavut Arctic College Library,",,,681347923,,,,,,,,,,,,,,,,YES,,,UALBERTA-72,1,0,0,0,0,0,0,0,1,0,0,0,0,0,0,0,0,0,1
59,Intermediate Inuktitut /,,"Mallon, S. T.",Version 1.2.,,,220 p. in various pagings :,,intermediateinuktitut-mall-1999,,"(Sidney Tate),",1933-,1999,1999.,,Iqaluit :,,"Nunavut Arctic College,",,,793157935,,,,,,YES,,,,,,,,,,,,,LAC-62,1,0,0,0,0,1,0,0,0,0,0,0,0,0,0,0,0,0,1
64,Introductory Inuktitut :,,"Mallon, S. T.",Version 2.1.,,,161 p.,,introductoryinuktitutreferencegrammar-mall-1995,reference grammar /,"(Sidney Tate),",1933-,1995,1995.,,Iqaluit :,,"Nunavut Arctic College,",,,793157937,,,,,,YES,,,,,,,,,,,,,LAC-63,1,0,0,0,0,1,0,0,0,0,0,0,0,0,0,0,0,0,1
65,Inuinnaqtun English dictionary.,,,,,,218 p. :,,inuinnaqtunenglishdictionary--1996,,,,1996,[1996?],,"Cambridge Bay, Nunavut :",,"Nunavut Arctic College,",,,756324571,,,,,,,,,,,,,,,,YES,,,UALBERTA-70,1,0,0,0,0,0,0,0,1,0,0,0,0,0,0,0,0,0,1
85,Inuktitut 125 :,,"Mallon, S. T.",,,,1 v. (various pagings) :,,inuktitut125asetofintroductorydialoguesininuktitut-mall-1996,a set of introductory dialogues in Inuktitut /,"(Sidney Tate),",1933-,1996,[1996],,Iqaluit :,,"Nunavut Arctic College, Nunatta Campus,",,,855304113,,,,,,,,YES,,,,,,,,,,,MANITOBA-65,1,0,0,0,0,0,0,0,0,0,0,1,0,0,0,0,0,0,1
112,Nunavut Arctic College 2004-2005 annual report,,,,,,28 p. :,,nunavutarcticcollege20042005annualreportninuvutukiuqtaqtumisilattuqsarvik20--2005,Ninuvut ukiuqtaqtumi silattuqsarvik 2004-2005 arraagutamaaqsiut unikkaaliaq.,,,2005,[2005?],,[Iqaluit] :,,"Nunavut Arctic College,",,,436942095,,,,,,,,,,,,,,,YES,,,,TORONTO-30,1,0,0,0,1,0,0,0,0,0,0,0,0,0,0,0,0,0,1
113,Nunavut Arctic College 2005 graduate survey /,,,,,,"28 , 28 p. :",,nunavutarcticcollege2005graduatesurvey--2006,,,,2006,,,Nunavut :,,"Nunavut Arctic College,[2006].",,,911929417,,,,YES,,,,,,,,,,,,,,,CALGARY-2,1,0,0,0,0,0,0,1,0,0,0,0,0,0,0,0,0,0,1
114,Nunavut research agenda :,,,,,,12 leaves,,nunavutresearchagendaresearchpolicyandneedsfornunavut--1997,research policy and needs for Nunavut /,,,1997,1997.,,[S.l.] :,,"Nunavut Arctic College,",,,70611861,,,,YES,,,,,,YES,,,,,,YES,,,MEMORIAL-2 CALGARY-11 UALBERTA-68,3,0,0,1,0,0,0,1,1,0,0,0,0,0,0,0,0,0,3
115,Nunavut teacher education program teaching practicum manual :,,,,,,46 leaves],,nunavutteachereducationprogramteachingpracticummanualyear12&3--2003,"year 1, 2 & 3.",,,2003,2003.,,"Iqaluit, Nunavut :",,"Nunavut Arctic College, Nunatta Campus,",,,995523907,,,,,,,,,,YES,,,,,,,,,MEMORIAL-5,1,0,0,1,0,0,0,0,0,0,0,0,0,0,0,0,0,0,1
